PC1;PC2;PC3;PC4;PC5;PC6;PC7;PC8;PC9;PC10;region_Centro;region_Centro Norte;region_Frontera;region_Pacifico-Norte;region_Pacífico Sur;region_Pacífico-Centro;region_Península;sexo_Mujer;estrato_Rural  ( <2500 Hab );estrato_Urbano ( 2500-99,999 Hab)
-0.5331510578899997;0.20940693112120393;-0.6117355367694841;-0.4158231407099933;0.012967644763529873;0.14388035727792342;0.16355126584664884;-0.027116496965916902;-0.10985082708166308;-0.07472757919093642;0.0;1.0;0.0;0.0;0.0;0.0;0.0;1.0;0.0;0.0
-0.921815842239995;-0.21339796983741519;-0.25412759341796065;0.35074312695277166;-0.2087926585341877;-0.026634419095399434;-0.3712224692016786;0.04288147937390319;-0.3718667953463032;0.2565089050944886;0.0;1.0;0.0;0.0;0.0;0.0;0.0;1.0;0.0;0.0
-0.9535145408301717;-0.06055570666728261;-0.4584350943129635;0.37569888118574307;-0.39751004117565525;-0.23152605442779683;0.3280098650791157;-0.08848066200418343;-0.3881141068404992;-0.05789135361023132;0.0;1.0;0.0;0.0;0.0;0.0;0.0;1.0;0.0;0.0
-0.016702812787972178;-0.8106388900598324;0.13351457916668397;0.3073325015217693;-0.0424308064802062;0.4834595099769431;-0.11001088561827845;-0.19933691187015531;-0.5626938860314785;-0.007272203732231406;0.0;1.0;0.0;0.0;0.0;0.0;0.0;1.0;0.0;0.0
-1.389471315215773;-0.2490883708433886;0.028459984101165067;0.07582477030627677;0.10754245551299593;-0.21274154354135894;0.4654696144871741;-0.19331150487228532;-0.19766586903771904;-0.11459263248754444;0.0;1.0;0.0;0.0;0.0;0.0;0.0;1.0;0.0;0.0
0.1151296336799602;-0.39926321492879024;0.25768932389062765;-0.12046284997760322;-0.07790758387679603;-0.4113133048696079;0.389832281761165;0.15576424539926462;0.11142671845710418;0.6059649301429623;0.0;1.0;0.0;0.0;0.0;0.0;0.0;0.0;0.0;0.0
0.7355736314455774;-0.0592660877554735;-0.35715965042202225;-0.42815601578573736;-0.0024641381216280855;-0.6430202996069864;-0.3939867081973638;-0.216097506858321;0.03540958456694003;0.07080010933128472;0.0;1.0;0.0;0.0;0.0;0.0;0.0;1.0;0.0;0.0
-0.7187611788044619;-0.4144053593112559;0.13139333480892945;0.040344444881267545;0.4556616916311649;0.4053524258092558;0.31251983676846634;0.03490549217924588;0.06284168766253409;0.055071250361930904;0.0;1.0;0.0;0.0;0.0;0.0;0.0;1.0;0.0;0.0
-0.429557710903091;-0.01704045464192027;-0.009359235522217456;1.0724320378669703;0.193390168563395;-0.06611015205284365;0.012185310460282837;0.45819119432451216;-0.35055157953108756;0.6491724457913602;0.0;1.0;0.0;0.0;0.0;0.0;0.0;1.0;0.0;0.0
-0.5362536605360048;0.323093544051626;-0.7062977177758732;0.3196929285695885;-0.04649576207459565;-0.2991655845372725;0.13437805557923974;0.36250232660573284;0.46997352640596624;-0.3564046269846898;0.0;1.0;0.0;0.0;0.0;0.0;0.0;1.0;0.0;0.0
0.5255167263500867;-0.7665204297345118;-0.0555238422062754;0.05142932011062229;-0.029016835331656103;0.6875246282347587;-0.460764822236164;-0.17715756384530204;-0.43236284165900696;-0.28301563586053397;0.0;1.0;0.0;0.0;0.0;0.0;0.0;1.0;1.0;0.0
-0.5270316942853503;0.8048266866580213;0.22694855712791873;-0.37111026977066564;-0.059781145701439005;0.5765298731466474;-0.4240091330987588;0.07465758605693912;-0.07126265615129787;-0.0004032988849339314;0.0;1.0;0.0;0.0;0.0;0.0;0.0;1.0;1.0;0.0
1.6045246360653274;-0.4919268887071816;-0.17033734712552995;-0.0888417622581939;0.07267382991350586;-0.23102029285085868;0.12918757370322587;-0.2663563435462203;0.04150678572675341;-0.0639157968335581;0.0;1.0;0.0;0.0;0.0;0.0;0.0;1.0;1.0;0.0
0.3563741159986907;-0.9082167994925059;0.2459745549321555;0.11265218872464981;-0.4804708806150151;-0.10829419368632126;-0.2059249438657219;-0.19009556609711326;-0.32186588513412545;0.05662202028490619;0.0;1.0;0.0;0.0;0.0;0.0;0.0;1.0;0.0;1.0
-0.266195022420213;0.9862254559415894;1.2507491286580659;-0.2836407663929499;-0.04686062671656626;0.3332519133225046;-0.2507621933501374;0.5640280147384247;0.22868194089175606;-0.08675114760605239;0.0;1.0;0.0;0.0;0.0;0.0;0.0;1.0;0.0;1.0
1.4092446711817193;1.2454564249533715;-0.004920432504724167;0.6918206674049525;0.0032030404810557546;-0.5046500906472411;-0.02007243812764231;0.2876601890098294;-0.31899396933393653;-0.3622986268541028;0.0;1.0;0.0;0.0;0.0;0.0;0.0;1.0;1.0;0.0
0.6972877526460066;-0.2420060658486451;-0.22089428894539057;-0.38238345839327;-0.1655846480828984;-0.31213253543124775;0.09041814588997407;-0.05707653670067821;0.15839224326250692;0.1729790273463043;0.0;1.0;0.0;0.0;0.0;0.0;0.0;1.0;1.0;0.0
1.8315424501542983;-0.5650706500815481;-0.1655396876580943;0.34709815231540436;-0.008126407266504362;-0.17589909655826622;-0.23084236262457256;0.032308190010694286;0.24062642912504736;-0.04658945874011948;0.0;0.0;0.0;1.0;0.0;0.0;0.0;1.0;0.0;0.0
0.36323662997138123;-0.6140192086249441;-0.1442870758438311;-0.13360551353349354;-0.4432458743682997;0.1904963130230126;-0.05947401919572041;-0.1516782214533712;-0.21877561011300112;-0.39792773242540586;0.0;0.0;0.0;1.0;0.0;0.0;0.0;1.0;0.0;0.0
0.28871880938144734;-0.6699515777424085;-0.07804760198833989;0.16359445208459936;-0.04010272991653462;0.7493494783957958;0.23206025950883316;-0.09845633910007537;-0.36809934472822864;-0.3936197384577907;0.0;0.0;0.0;1.0;0.0;0.0;0.0;1.0;0.0;0.0
-0.15906512465860564;-0.2595077660422471;-0.08411931230086674;-0.3406038368820689;-0.24634468049114652;0.3625101524029328;0.6014644183214044;0.3395665012467588;0.27284930769348764;-0.08556997566728486;0.0;0.0;0.0;1.0;0.0;0.0;0.0;0.0;0.0;0.0
0.24220848706377424;0.09751977309096388;-0.7720390751233206;0.4172871968416104;-0.32826039166342;0.029829370856335427;0.1964394650647905;0.3181098483072069;0.25601333434355306;-0.10051049616870858;0.0;0.0;0.0;1.0;0.0;0.0;0.0;1.0;0.0;0.0
-0.5170156841434702;-0.8711859455984491;0.5045630183188179;0.3652911915551866;0.253997556800783;0.38482453934445815;0.06284792766273804;0.008895849511418764;-0.1541750243384802;0.12553841376155359;0.0;0.0;0.0;1.0;0.0;0.0;0.0;0.0;0.0;0.0
0.09330106573681031;-0.8293614920905721;0.3016564622653845;0.30361685920354115;-0.25621998765163984;0.11664289183230074;0.3445515654706078;-0.11070319435393101;-0.38283992430796787;0.16571049210646235;0.0;0.0;0.0;1.0;0.0;0.0;0.0;0.0;0.0;0.0
-0.012410208195104003;-0.043428141185889856;-0.5450143999568288;-0.24425808349729897;0.017034841185425056;0.40472578949651195;0.34133056940533274;-0.11207610000571556;-0.20215449397181084;-0.33871997594156733;0.0;0.0;0.0;1.0;0.0;0.0;0.0;1.0;0.0;0.0
-0.29793800188570196;-0.18839905185486094;-0.2064450096023228;-0.3873280951805157;0.18794709715390162;0.6340132337061284;-0.2640269384446007;0.2083001819070738;0.016492111944476456;0.23235932842488344;0.0;0.0;0.0;1.0;0.0;0.0;0.0;1.0;0.0;0.0
-0.30231437760134366;-0.1096255625965344;-0.0025219352985782735;-0.5032023123575391;-0.2136775229675236;0.026924490510335013;0.3692801619445079;0.48952500772543306;0.2886058540982836;0.34056747196893805;0.0;0.0;0.0;1.0;0.0;0.0;0.0;0.0;0.0;0.0
1.5903570112126837;-0.44972577495644633;-0.07721676352666505;0.003650515581305702;0.34393032844773364;-0.2534644599894994;0.09511322074796054;-0.23073904710193918;0.03704879462740166;0.23435802923896296;0.0;0.0;0.0;1.0;0.0;0.0;0.0;1.0;0.0;0.0
-1.014542888055159;-0.39768975453138294;0.03821747585970225;0.00039794756359367976;-0.14529532594181646;0.18637648184477665;0.02834812133414323;-0.0340696179106623;-0.44221954319077905;0.3276345675041156;0.0;0.0;0.0;1.0;0.0;0.0;0.0;0.0;0.0;0.0
0.0010440793860325443;-0.7444371740102099;0.0662880191711132;0.32970638351322923;-0.19773885758505;0.2890347075326383;0.3286179981918082;-0.22824413099442215;-0.49630974599613054;-0.13077204997254163;0.0;0.0;0.0;1.0;0.0;0.0;0.0;1.0;1.0;0.0
-1.4675607828764414;-0.2829145480453483;0.12315576333187676;0.02511702495744848;0.17428401139197475;-0.20859682709416025;0.27784862053238124;-0.13687150099575374;-0.11738176035680088;-0.10126492136977171;0.0;0.0;0.0;1.0;0.0;0.0;0.0;0.0;1.0;0.0
0.13990943503632716;-0.4672126675983634;0.08041376016755206;-0.3727283708451032;-0.2017845136041055;0.45010156187542744;0.04124552458968246;0.36422001309737295;0.2650053522840867;0.07463434022925451;0.0;0.0;0.0;1.0;0.0;0.0;0.0;0.0;1.0;0.0
1.905047446618703;-0.13248904209208698;-0.014589195836990726;0.5348900737346881;0.19843527880781334;-0.151427047218525;-0.06314109251487934;-0.01896842725048981;0.05017014845174759;-0.1129306561761411;0.0;0.0;0.0;1.0;0.0;0.0;0.0;1.0;0.0;1.0
0.11853189822142793;-0.12341334828685689;-0.2812186144341336;-0.08362173315872301;0.09504602506283766;-0.43625377087130995;0.4719961193669414;-0.3164800731243025;-0.1971942264694647;0.1261310972733642;0.0;0.0;0.0;1.0;0.0;0.0;0.0;1.0;0.0;1.0
-0.16809780889114123;-0.9175194436250146;0.43817249783776063;0.057585187986333546;-0.4170088320716601;0.1896392494689993;-0.12799514339252427;0.08960381169564706;-0.20048673522034807;0.167821022130039;0.0;0.0;0.0;1.0;0.0;0.0;0.0;0.0;0.0;1.0
0.6759903283636871;-0.44945961662631745;-0.2711655035950845;-0.19741657791467904;-0.14422967875061876;0.4645894448162217;0.02335856417228867;-0.03793494724042453;-0.06368982204399758;-0.41230363304631024;0.0;0.0;0.0;1.0;0.0;0.0;0.0;1.0;0.0;1.0
-0.4646844623802501;-0.8296067517224842;0.40128133226112045;0.21546052996773238;0.01043652134831051;0.5777336386818709;-0.07452644738442066;0.09125704909894496;-0.34173227309765064;0.24057128660285243;0.0;0.0;0.0;1.0;0.0;0.0;0.0;0.0;0.0;1.0
0.7900740348825764;-0.28658089341109105;-0.06265868022504074;-0.3015237906250165;0.2982711112548588;-0.10782568376291193;-0.36601365180651063;0.027544179055404332;0.0517488109676746;0.421312702470671;0.0;0.0;0.0;1.0;0.0;0.0;0.0;1.0;0.0;0.0
-0.4919610612611318;-0.6415481449840975;0.19226124048195115;-0.07199010048519142;-0.5681397205735844;-0.12081333347752533;-0.014970638756615405;-0.024144328337425025;-0.2642324689992536;-0.05757703074793714;0.0;0.0;0.0;1.0;0.0;0.0;0.0;0.0;0.0;0.0
0.2427400649576552;-0.7526333216903913;0.29099157091367867;0.2470150360700744;-0.5140045504949586;0.19915898310496957;-0.03036020729666871;0.560182247621479;0.38248325377666376;0.2741883785919284;0.0;0.0;0.0;1.0;0.0;0.0;0.0;0.0;0.0;0.0
0.4463583097560781;-0.29868452080361585;-0.34441482754929037;-0.36030233420105;-0.2496429289783054;0.19132920878529153;0.032423807165268645;-0.037585874824019705;0.02111289849255727;-0.20225825577579018;0.0;0.0;0.0;1.0;0.0;0.0;0.0;1.0;0.0;0.0
1.3281539574052392;-0.6641980062604725;-0.2275336761987983;-0.0672534155523724;-0.34264248145193765;0.3540085668077046;0.38514295541298715;-0.1408877370018505;-0.009163659330910918;-0.656425366276577;0.0;0.0;0.0;1.0;0.0;0.0;0.0;1.0;0.0;0.0
-0.36770647371933585;-0.12782922910816993;-0.321715773811176;0.2565500402537471;-0.8133975593852971;-0.4445101302437735;-0.3993440325539326;0.5388662604227729;0.36359235045568206;0.2607425968755009;0.0;0.0;0.0;1.0;0.0;0.0;0.0;0.0;0.0;0.0
-1.3049076124639465;-0.12074378533028161;-0.29448869123828175;0.6890574731897283;-0.09289359413275773;-0.21061444536642326;-0.4707774530332468;0.21441949099895383;0.02439439767859945;-0.03684119770335706;0.0;0.0;0.0;1.0;0.0;0.0;0.0;1.0;0.0;0.0
-0.05903725525510878;0.4182221521695199;-0.331790877973182;0.15425277683389718;0.5203398744241469;0.06398284433042556;0.14758076998124978;0.3732686812657196;-0.1181372030434476;0.4232570310771035;0.0;0.0;0.0;1.0;0.0;0.0;0.0;0.0;0.0;0.0
0.5063474739613686;-0.3501102866426312;0.041940037406379034;-0.35391781442137527;-0.015598967295055995;-0.03829598106781443;0.04133240315968771;0.17472476947455973;0.2340383865522587;0.5401426194007894;0.0;0.0;0.0;1.0;0.0;0.0;0.0;0.0;0.0;0.0
0.07394716408057354;-0.5675284090744984;0.21172406354985948;-0.29561525656940746;-0.05639296054244501;0.7402196370697074;-0.09042547870097167;0.5053494911734511;0.3009587960126615;0.16757870749016085;0.0;0.0;0.0;1.0;0.0;0.0;0.0;0.0;0.0;0.0
0.31390591329802325;-1.1253837896729832;0.6703900218771236;0.27133253039762073;-0.25580716431199246;-0.24517156284877734;0.2063666215230478;-0.06194071414065464;0.09239291647873406;0.1339200294863093;0.0;0.0;0.0;1.0;0.0;0.0;0.0;0.0;0.0;0.0
0.9888348458241143;0.4926226520641754;0.4433407195378215;-0.050933880700267234;-0.22012139173942333;0.3223382398958393;-0.17452640998324814;-0.32889063479626895;0.013961609645734615;-0.12439894600117296;0.0;0.0;0.0;1.0;0.0;0.0;0.0;1.0;0.0;0.0
-1.2978680153429007;-0.33258685945751054;0.513460836697801;-0.07220898141017952;0.11062603799521588;-0.5132799498075001;-0.28830226787570273;0.0690174647824285;0.01754953459481876;-0.2870597023029225;0.0;0.0;0.0;1.0;0.0;0.0;0.0;0.0;0.0;0.0
0.27569376995801925;1.530886241875357;-0.2624859485903113;0.5952937891599099;0.3432898470528193;-0.4106520122075002;-0.2879713968939781;0.5295228384586018;-0.4664544720003595;-0.12974709197698173;0.0;0.0;0.0;1.0;0.0;0.0;0.0;1.0;0.0;0.0
-0.12483765206972841;-0.745554298889824;0.07458527405945468;0.14964125991021365;-0.022738774545687946;0.40373515825013867;-0.4278178205142749;-0.2570223526778589;-0.6054374635906333;0.2181343725560158;0.0;0.0;0.0;1.0;0.0;0.0;0.0;1.0;0.0;1.0
0.5889453638696475;-0.8507238210117591;0.2575534106714869;-0.14132141972192835;-0.4477062063528429;0.10093940528400829;-0.28504309902561303;0.11311238254025187;0.07590720519344459;0.15041453892483564;0.0;0.0;0.0;1.0;0.0;0.0;0.0;1.0;0.0;0.0
-0.3230488437541824;0.8139643006195395;0.4149983981533221;-0.4627476877032288;-0.5403088871547165;0.2798936842538729;-0.1889201988334257;0.010660755878984794;0.22156045465158053;-0.01508673897650595;0.0;0.0;0.0;0.0;0.0;0.0;1.0;0.0;0.0;1.0
0.31020047770007436;-0.3568256762500395;0.3075108889648561;-0.2897047320500383;0.1334607803608499;0.05064959273406689;0.08556355795585677;0.5387604104398503;0.34709875706256693;0.6515144632596058;0.0;0.0;0.0;0.0;0.0;0.0;1.0;0.0;0.0;0.0
1.1436128542885855;-0.09618763046308675;-0.03057749267758067;-0.32251139364673;0.18527263435597055;-0.5835519891281705;-0.45744984496320973;-0.2911995401311144;0.17021860938354316;0.4285171562131081;0.0;0.0;0.0;0.0;0.0;0.0;1.0;1.0;0.0;0.0
-0.9029646244513216;0.11146287117378238;-0.4382357146259491;0.14861199662994817;-0.1322474735541731;-0.028162717609507996;0.05302671702250822;0.18637995678700534;-0.133988838338766;0.2546490075645941;0.0;0.0;0.0;0.0;0.0;0.0;1.0;0.0;0.0;0.0
-1.2129763675256224;-0.277533502416665;0.09927060237107803;-0.13410173891865346;-0.2460327355760027;-0.30020472619012417;0.23768609198778434;-0.010146970697146353;-0.17343783504004143;0.12834032898203462;0.0;0.0;0.0;0.0;0.0;0.0;1.0;1.0;0.0;0.0
0.6099554036560737;1.024025410858524;0.1883833827138704;-0.341669827715615;0.19083918629496663;-0.7491208941336152;0.0220198297280431;0.3752256652469426;-0.6440650534022692;-0.18307402170385254;0.0;0.0;0.0;0.0;0.0;0.0;1.0;0.0;1.0;0.0
-1.0863123006372315;0.16242954939562942;0.38671612294253094;-0.0666305662430153;-0.5291118503310331;-0.12692874091466197;0.054288699558839755;-0.14301053291395216;-0.2296593356981871;0.22696820114743504;0.0;0.0;0.0;0.0;0.0;0.0;1.0;0.0;1.0;0.0
-0.7203203996900419;-0.3975271379531291;-0.0015282046600103892;-0.16156415653153522;-0.5174875723064931;-0.389205520223457;-0.19821321661922353;-0.10321840676042146;-0.28845747008154;0.18783859943940498;0.0;0.0;0.0;0.0;0.0;0.0;1.0;1.0;1.0;0.0
-0.27067094781224627;0.11425973079410542;0.373360651190086;-0.1876427643419861;-0.6609873698172108;-0.13396086071408392;0.5729607069657476;-0.0183885765988015;0.1640037811440564;0.13120214925532586;0.0;0.0;0.0;0.0;0.0;0.0;1.0;0.0;1.0;0.0
1.4017689482877678;-0.573209751999275;0.1862801217353306;-0.11697519498483303;0.19472184007226506;-0.20269321769473234;-0.07176694477164679;0.056546252068257134;0.25920185756863906;0.3998871063164562;0.0;0.0;0.0;0.0;0.0;0.0;1.0;0.0;0.0;1.0
-1.5045163044969085;-0.4326336499859881;0.2693957480914468;0.015453973251190899;0.33170252374248804;-0.29716667763734417;-0.11964122485666275;-0.19442701799385873;0.0499752433821903;-0.24646900683010556;0.0;0.0;0.0;0.0;0.0;0.0;1.0;1.0;0.0;1.0
0.19011343649224685;0.6483829646055369;0.30201007386180095;-0.5775056371173853;-0.2269327662087775;-0.648338038965506;-0.41949876141716297;0.5658400394726444;-0.0735173366694537;0.13044381221978993;0.0;0.0;0.0;0.0;0.0;0.0;1.0;0.0;0.0;1.0
-0.36978376894622583;0.6195855975431979;0.051413272280148414;-0.08795080795528827;-0.590252849041781;0.041089006828395086;0.13335599804980897;-0.6443877942507057;-0.0945789977920081;-0.18937924146161264;0.0;0.0;0.0;0.0;0.0;0.0;1.0;1.0;0.0;1.0
0.7448823693715165;-0.29057620247999216;-0.13979553617645119;-0.024925956667074946;0.6613933372340121;0.3828802743496316;0.01786557035963958;-0.07461693692288833;-0.11711206099273394;0.30825025507638;0.0;0.0;0.0;0.0;0.0;0.0;1.0;0.0;0.0;1.0
0.8506637564196108;0.07178942792811246;-0.5706495014934045;-0.30228524145891084;0.2593659646801546;-0.6099038221759687;-0.04084958889371249;-0.4553415639920172;-0.14739802862278065;0.07780839895822955;0.0;0.0;0.0;0.0;0.0;0.0;1.0;1.0;0.0;1.0
-1.006190934856896;0.9274451135380635;0.7308335775564846;0.30055122404150514;-0.5174383542928621;0.2070246096124168;0.23052544161791355;-0.6245014426757491;-0.3114914405250495;0.2330082628132198;0.0;0.0;0.0;0.0;0.0;0.0;1.0;0.0;0.0;1.0
0.8719771592280435;-0.011034942398644422;0.07193845123972364;-0.03394102117383969;0.473366083752684;0.33271499231787016;-0.16550648022215614;-0.06475559913066803;-0.1846072962524978;0.01411850444862887;0.0;0.0;1.0;0.0;0.0;0.0;0.0;1.0;0.0;0.0
-1.4059201383593962;-0.476055889634715;0.2461955448844996;0.431813392843445;0.37401856537506356;-0.09775965194418573;-0.3183384892511718;0.0799490774368337;0.23456126199846636;-0.16427133893480533;0.0;0.0;1.0;0.0;0.0;0.0;0.0;0.0;0.0;1.0
-0.7776307564456828;-0.8682749319803764;0.693155475409846;0.264890536241477;0.5666443948067318;0.1387485465977027;-0.27552885701113233;0.04033630880639243;-0.003927213808372574;0.06872163966238759;0.0;0.0;1.0;0.0;0.0;0.0;0.0;0.0;0.0;1.0
-0.35343908146990755;-0.48239487193182845;0.07031879048909968;-0.16988391462130153;-0.04589836374309851;-0.06552420068926453;0.09271971055245187;-0.05731547138647024;0.1520022134893007;-0.1573816940237035;0.0;0.0;1.0;0.0;0.0;0.0;0.0;1.0;0.0;1.0
0.9388712703870232;-0.385806020795618;-0.3254771843246264;-0.20578547196055538;0.007576828655783544;0.2193484356590835;0.21317952894221065;-0.20227870084799313;-0.07716699625934909;-0.1495927400052057;0.0;0.0;1.0;0.0;0.0;0.0;0.0;1.0;0.0;0.0
-0.4012437642251593;-0.47788326885071086;0.24630051091703545;-0.37895728457914357;-0.4501196199935219;-0.11885329005342662;-0.06696043368201263;0.3274845547094348;0.24022333005736193;0.4526117211858141;0.0;0.0;1.0;0.0;0.0;0.0;0.0;0.0;0.0;0.0
-0.5342013307123019;-0.3008222523791606;-0.08935567842187477;-0.31022031896483465;-0.29173401624295514;0.11604927996284171;0.028252022116110203;0.06398938948686039;-0.14056647064951494;0.1857529387212242;0.0;0.0;1.0;0.0;0.0;0.0;0.0;0.0;0.0;0.0
0.0164591417903481;-0.5043569676466528;-0.0026891262459611876;-0.26534923962738416;-0.3092628741129514;0.030582230463254274;-0.3321301239822734;-0.006855722177133393;-0.11909186121440565;0.21650624118066167;0.0;0.0;1.0;0.0;0.0;0.0;0.0;1.0;0.0;0.0
-0.49496108261421917;-0.6315737220797563;0.09239586950061374;0.5600389781981714;-0.11433811224139205;0.517813872027094;-0.09384770011354558;0.21397414890805017;-0.29816345060973787;0.3849989582417833;0.0;0.0;1.0;0.0;0.0;0.0;0.0;0.0;0.0;0.0
0.5773249770601615;0.6907411406925005;0.6443333891846397;-0.0655942899903745;0.5393305854805494;0.12610512839048552;-0.06306870210888747;0.32319848447227495;-0.2960791235763173;0.293851374240741;0.0;0.0;1.0;0.0;0.0;0.0;0.0;0.0;0.0;0.0
-0.9176558406532141;-0.4872977672938805;0.279726521680198;-0.0038247272311065766;-0.26608497217180155;-0.5525989011069377;0.44072297477231553;-0.054961861846742364;0.09509322403219253;0.04455370745012134;0.0;0.0;1.0;0.0;0.0;0.0;0.0;0.0;0.0;0.0
-1.0024254455005726;0.08078508190338847;0.41349669343019624;-0.046929450341778506;-0.14055649067122136;-0.5251572010724167;0.21037475694316365;0.04954880068604259;-0.1606402825555735;0.24043524487587598;0.0;0.0;1.0;0.0;0.0;0.0;0.0;0.0;0.0;0.0
-1.2238571183034515;-0.2500545033903896;-0.08567397740533082;0.07638206830700905;0.05649606416874218;-0.2282890924474808;0.3808641089098979;-0.31220191376533524;-0.3047690907152062;-0.2303801264484969;0.0;0.0;1.0;0.0;0.0;0.0;0.0;1.0;0.0;0.0
-0.3363549323508738;0.31773481937679254;-0.8259788338063649;0.3199176172564066;0.1367317187976772;0.2176769816489273;-0.3794407966074904;0.3663320964680747;0.1608520479223383;0.0890499427820396;0.0;0.0;1.0;0.0;0.0;0.0;0.0;1.0;0.0;0.0
0.1056812846063483;-0.13299765624642576;-0.39574878692065146;0.0017966658051325468;-0.23456605012062265;0.2569631277277306;0.31499941439277535;0.2971502573044619;0.23774682126274943;0.02098721474525082;0.0;0.0;1.0;0.0;0.0;0.0;0.0;0.0;0.0;1.0
0.5510836040647002;-0.24971213414847457;-0.005656293065844919;0.165201047584053;0.662646551721723;0.3897280031269603;0.663293078784061;0.10201304037665108;0.0003706483874810772;0.3486510141821134;0.0;0.0;1.0;0.0;0.0;0.0;0.0;0.0;0.0;1.0
-1.0499949788871465;0.41326139947150997;-0.6980810413582589;0.3747932106241752;0.1389522532242259;0.01875362124188464;0.3052133309502216;0.46616981973202903;0.48960470863587685;-0.1672769535011545;0.0;0.0;0.0;0.0;0.0;1.0;0.0;1.0;0.0;0.0
-1.0969207228762523;-0.4431618409547435;0.23193992593078513;-0.09336250951952922;-0.1414210658096112;-0.4188646520135664;-0.23153852141968684;-0.06579745767039925;-0.0637647811338896;0.16497496458456826;0.0;0.0;0.0;0.0;0.0;1.0;0.0;0.0;0.0;0.0
-0.8707556103583904;0.1907612599133572;-0.20786683873451045;-0.28586196204754305;-0.056952808973245776;0.016870311541335708;-0.10026192481816032;0.11399568611957078;-0.45114318912490614;-0.08935825965813406;0.0;0.0;0.0;0.0;0.0;1.0;0.0;1.0;0.0;0.0
-0.8359524392661134;-0.3870376442510731;0.0853351878028351;-0.2608718524784749;0.12411404552749697;0.12700021360142744;-0.24025114722464014;0.043079288101143774;0.11785864881585409;-0.06888520473903993;0.0;0.0;0.0;0.0;0.0;1.0;0.0;1.0;1.0;0.0
0.5772923910446749;-0.3562418802147833;-0.34276748938284135;-0.4049265535709638;-0.21258302603902762;0.2393307801266306;-0.19016678127131517;-0.10497611862975167;-0.050664594201697416;-0.14227960496696604;0.0;0.0;0.0;0.0;0.0;1.0;0.0;1.0;1.0;0.0
0.08076357818517765;1.4186454888767601;-0.3279013487031972;0.5774777795693299;0.08771795356031924;-0.11460848007213464;-0.5126295850770148;-0.12414770686059214;0.04407517348406407;0.11617553608302661;0.0;0.0;0.0;0.0;0.0;1.0;0.0;1.0;0.0;0.0
-1.171194026214282;0.018171012848531936;-0.16173360156038014;0.48207531051347036;-0.23180313143004272;0.06112241764050122;0.322954416211637;-0.035514721271365304;-0.23344078278581062;0.22985254370044794;0.0;0.0;0.0;0.0;0.0;1.0;0.0;0.0;0.0;0.0
-1.3587075891192708;-0.5297093469961689;0.32585678788666333;0.14185324870279148;0.4187928671233938;-0.0974837580934299;0.15954691744991029;-0.18039250423039502;0.05245771659234233;-0.23477584885068847;0.0;0.0;0.0;0.0;0.0;1.0;0.0;0.0;0.0;0.0
1.3994746120289356;-0.5707221773362976;0.04759191364299286;-0.19718367651659038;0.08806271837142873;-0.160290931258623;-0.31778332058915043;-0.03291649450109716;0.1882837184460803;0.2375891780206879;0.0;0.0;0.0;0.0;0.0;1.0;0.0;1.0;0.0;0.0
0.18534704214088668;-0.387645871566408;-0.3892972741635855;0.19253518876913792;-0.4746358747483491;0.1005542952967753;-0.09762844590451296;0.022809206807380415;-0.09157384864440003;-0.2438999466303684;0.0;0.0;0.0;0.0;0.0;1.0;0.0;1.0;0.0;0.0
0.6596807535175855;0.41617648417996767;0.19172078337026802;-0.2613318229286686;0.001312718117305198;0.14455468389250495;-0.5058130116706189;-0.07761784199685762;-0.19005953379767082;0.03837905230544156;0.0;0.0;0.0;0.0;0.0;1.0;0.0;1.0;0.0;1.0
-0.7565373432291282;0.4875152181535023;-0.9503383886557949;0.28384669490472597;-0.12034015966500301;0.12396899406073558;0.055894855888006884;0.4067890891841934;0.17842741080062688;-0.09577298762537037;0.0;0.0;0.0;0.0;0.0;1.0;0.0;1.0;0.0;0.0
1.7439395889430638;0.15912887011754587;0.37161979127848704;0.07403302812683706;0.2136719071754358;-0.3359704463200571;0.4736913614776111;0.27730471841214344;-0.3401406556970461;-0.2916971420225249;0.0;0.0;0.0;0.0;0.0;1.0;0.0;1.0;0.0;0.0
1.0202410104597843;-0.31592163803645773;-0.1992341530475283;-0.029637890554105758;0.3347790301288356;0.06190314811311469;0.2164411884767157;-0.1612033691917089;-0.06347814731429169;0.012837806510372158;0.0;0.0;0.0;0.0;0.0;0.0;1.0;1.0;1.0;0.0
0.5264541955538192;0.1661025729376553;-0.40232784615744116;-0.2958038713697687;-0.08068903091404318;0.0444018738705353;-0.20607268831512401;-0.5825267290031108;-0.04248121942306852;-0.10403584798344565;0.0;0.0;0.0;0.0;0.0;0.0;1.0;1.0;1.0;0.0
0.23804896750426055;-0.3257333603330337;-0.14741609061946617;-0.4256028514200915;-0.43695276568038416;0.1027767336482224;0.21237521903941042;0.18620695116742564;0.20001259032133983;-0.17107185972487624;0.0;0.0;0.0;0.0;0.0;0.0;1.0;0.0;1.0;0.0
-0.02041302007396532;0.6055018364795185;-0.23036363202764734;-0.14921941037464304;-0.35661863486013523;-0.16556965844649885;-0.5044053139973651;0.05373703610968197;0.24805394586355142;0.08824598427378237;0.0;0.0;0.0;0.0;0.0;0.0;1.0;1.0;1.0;0.0
-1.1358318182294915;-0.2817612809243584;-0.1089645101347645;0.03042019769290033;0.07252530964968629;-0.24096039834931063;0.12834288771787217;-0.3775756350285462;-0.332845485861584;-0.33744077170698505;0.0;0.0;0.0;0.0;0.0;0.0;1.0;1.0;1.0;0.0
1.7220990294858431;-0.685719162818163;0.009179904139308522;-0.1029207652848013;0.018254930089713597;-0.0841785955858413;-0.24707240000762204;-0.12460742786409496;0.12391082422692032;-0.08997345868494619;0.0;0.0;0.0;0.0;0.0;0.0;1.0;1.0;1.0;0.0
0.5908468289561101;0.2825874777227985;0.392920176996337;0.4526420442021687;-0.45510724849084894;0.6867795685981429;0.4024957676179853;0.05526615614810237;0.5261652699991892;0.03270247549683335;0.0;0.0;0.0;0.0;0.0;0.0;1.0;0.0;1.0;0.0
-0.5343557472819656;0.20089253442797084;-0.4955590224054474;-0.336062933300015;0.4056393309071416;-0.13078080667006392;0.37798798744947537;-0.21968486599244644;0.030505472760110335;-0.250150975586863;0.0;0.0;0.0;0.0;0.0;0.0;1.0;0.0;1.0;0.0
0.1644059060026174;-0.17079281570402546;-0.08486637699055986;-0.2378179463193114;0.3326407698114519;0.26034361794245914;0.21947693712289384;0.14706472350379748;-0.006596312691143814;0.339192731308913;0.0;0.0;0.0;0.0;0.0;0.0;1.0;0.0;1.0;0.0
0.8965411765855512;0.3689342426773513;0.26130123348658374;-0.08064051249761661;-0.25222079849147183;0.2429485692597611;0.14469698620761914;-0.5343796680328058;0.23045862329078762;0.11499978348240077;0.0;0.0;0.0;0.0;0.0;0.0;1.0;1.0;1.0;0.0
-0.65892139399907;1.3672296421288972;0.2654642465696656;0.13925782235517395;-0.367838627051306;0.6072427773284049;-0.10287821387269895;-0.14230853834702742;0.2677098151088266;0.0888110657143155;0.0;0.0;0.0;0.0;0.0;0.0;1.0;0.0;1.0;0.0
-0.7806307896176067;0.8677914341099547;0.490356185357593;-0.0856751731836779;-0.7729953339654692;0.11338362336000361;0.457271646539372;-0.6095295387210342;0.30878149667127697;0.1471812639004029;0.0;0.0;0.0;0.0;0.0;0.0;1.0;0.0;1.0;0.0
0.2981572042821064;0.8020129615323007;0.09382616633965456;0.8605208290695432;0.31176901099269766;0.4824287448919984;-0.008887421335598264;0.06610661053600693;0.425268582392821;0.7383717976270788;0.0;0.0;0.0;0.0;0.0;0.0;1.0;0.0;0.0;1.0
0.6136905001254822;-0.2718526974754424;-0.48094912050590577;0.3817709588874918;-0.40186041310036935;0.26574927232535445;-0.4492748761179846;0.49278579154429775;0.39040231910624673;-0.09520478178376285;0.0;0.0;0.0;0.0;0.0;0.0;1.0;1.0;0.0;1.0
0.6102079714771677;0.268193125590115;-0.16055231745588167;-0.24037051729435796;-0.038516552077136515;0.061791384417225474;0.18884255452748797;0.09852783646929819;-0.40552468311383516;-0.5926145876616022;0.0;0.0;0.0;0.0;0.0;0.0;1.0;1.0;0.0;1.0
1.7689334372378542;0.18935248689854872;0.23687271373054505;0.24601091322398635;0.3224082543244389;0.17244737827516923;0.19869340817704423;-0.3486859060165067;-0.3248507902978565;-0.3472918123157136;0.0;0.0;0.0;0.0;0.0;0.0;1.0;1.0;0.0;1.0
0.9453364197779113;-0.46001083959409467;-0.15448820152002019;-0.22413653367437195;0.0034709424362013622;0.15113634955414362;-0.22492075325649152;-0.0541612604874272;0.027566532086436;-0.055279938268911685;0.0;0.0;0.0;0.0;0.0;0.0;1.0;1.0;0.0;1.0
1.726364593971379;0.45288334575653383;0.8005437140187003;0.016643614925754547;0.27668624579929246;-0.011018840951096606;-0.14913124298235098;0.5052324047190144;-0.6345676841493982;-0.4008018466175749;0.0;0.0;0.0;0.0;0.0;0.0;1.0;0.0;0.0;1.0
-0.5050599648554328;-0.2656528916018422;-0.10915492957735955;0.025622749265075837;-0.042161763231726206;0.33017181815178115;0.5684367547882067;0.054319238082463375;-0.22924960526088303;0.01445573452161921;0.0;0.0;0.0;0.0;0.0;0.0;1.0;0.0;0.0;1.0
1.4091461788863342;0.7026549208414521;0.5757281938653623;0.1862866212299241;-0.11652981030782014;0.3936465823415671;-0.034287229554476474;-0.7543662500631336;0.08361878281475386;-0.14496400284863092;0.0;0.0;0.0;0.0;0.0;0.0;1.0;1.0;0.0;0.0
-1.2961053100061806;-0.42841563737441696;0.2512930224492584;0.01779446441694539;0.12067670694266594;-0.17860669577751753;0.28580951109577085;-0.08212472296716032;-0.008980082715001567;-0.10893475835940991;0.0;0.0;0.0;0.0;0.0;0.0;1.0;1.0;0.0;0.0
1.3511807024076368;-0.5737674602815639;-0.0849770572031323;-0.04937277741954929;0.29742589446301515;0.28222358256357094;-0.27588041348060444;-0.1401734000032286;-0.07228497433929001;-0.07184917199256928;0.0;0.0;0.0;0.0;0.0;0.0;1.0;1.0;0.0;1.0
-0.9826909792745692;-0.18773163398727014;-0.1866747125183806;0.04130845804839605;-0.16964997738790488;-0.15793168545583147;0.25806841359503535;-0.23619007338811027;-0.5411039325045962;0.15502834525693526;0.0;0.0;1.0;0.0;0.0;0.0;0.0;1.0;0.0;1.0
-0.7438457452200039;-0.8092476718880588;0.6028450943538818;0.37621666636917256;0.7296871170106081;0.09308711949021556;0.024214387925951042;-0.123926944665377;0.07717917359179059;0.022196721638005464;0.0;0.0;1.0;0.0;0.0;0.0;0.0;0.0;0.0;0.0
-0.4123859412589033;-0.02840568248438773;-0.43096097423973523;-0.41859329305258164;0.1143007230140213;0.5276998738005892;-0.0647535623624059;0.07006278712562632;-0.07089229722316694;-0.04071460329817898;0.0;0.0;1.0;0.0;0.0;0.0;0.0;1.0;0.0;0.0
-1.243635508661828;0.04663156313237229;-0.277428517351457;0.1759820077056264;0.13700953505895244;-0.08485863941250031;0.16601503875459378;0.17611817555754258;0.17704166578016112;-0.09734531908094131;0.0;0.0;1.0;0.0;0.0;0.0;0.0;1.0;0.0;0.0
1.4208583537110797;-0.41617240642076875;-0.10768036603760109;0.02928546675024362;0.220960150934654;-0.13364722713231997;0.4870296668884078;-0.13549977376536976;0.017132118087352967;-0.0437710849109998;0.0;0.0;1.0;0.0;0.0;0.0;0.0;1.0;0.0;0.0
-1.5720937848890943;-0.4016636506730721;0.28319216779556927;0.05270633931610457;0.4054597794920348;-0.3196599034911945;0.10654862632951807;-0.1993766552978183;0.1038564269170628;-0.32975940643384816;0.0;0.0;1.0;0.0;0.0;0.0;0.0;1.0;0.0;0.0
0.6477689252872917;-0.30538228387910793;-0.23407925095207457;-0.09381155479433213;0.4271310403547037;0.4784903287489888;-0.11748955628375626;-0.05042193611491825;-0.19916299762686523;0.068603518908787;0.0;0.0;1.0;0.0;0.0;0.0;0.0;1.0;0.0;0.0
0.263761070871729;-1.0009640398517718;0.2614282655514136;1.0021455455734365;-0.19572258950909444;-0.2955522098287941;-0.6524440293569075;0.10690562983996409;0.39475454808991745;-0.5523630165858693;0.0;0.0;1.0;0.0;0.0;0.0;0.0;1.0;0.0;0.0
0.2528776804304573;-0.09396259032786018;-0.6050150961495201;-0.1088986930487288;-0.3966727275072975;0.09660415823047909;-0.24516499154660776;0.13721016421234034;0.12004172016173843;-0.28540999129535377;0.0;0.0;1.0;0.0;0.0;0.0;0.0;1.0;0.0;0.0
-0.91800884029689;-0.3738987262619824;0.03968434023130217;0.049196732662567674;-0.08464663810574931;0.0816915010927605;0.04051108486026995;-0.08131572247865777;-0.46849543545214245;0.38712072459671615;0.0;0.0;1.0;0.0;0.0;0.0;0.0;0.0;0.0;0.0
-0.5520154713973302;-0.09683691395447397;-0.3525177897306649;0.3071392321977934;-0.03649186067249795;0.2882313717668831;0.30769173964283;0.1614164225374829;-0.1738253364865367;0.22846217112548073;0.0;0.0;1.0;0.0;0.0;0.0;0.0;0.0;0.0;0.0
-0.9989867849856918;-0.2910182260253519;0.01059056302388141;-0.13145039743861284;-0.49024468347999867;-0.3885811077024996;0.33993501028904805;-0.04825915160934967;-0.23786455133470755;0.17209471776044746;0.0;0.0;1.0;0.0;0.0;0.0;0.0;0.0;0.0;0.0
-0.04333683348039326;0.3135107936788004;-0.8967476315193474;0.08628192942026469;0.14874670991389505;0.036746209236722525;0.20900444691770276;-0.09146659793186193;-0.13062143939131085;-0.15916246612922186;0.0;0.0;1.0;0.0;0.0;0.0;0.0;1.0;0.0;0.0
0.026848947350573422;-0.45057463867252556;-0.1494593823024033;-0.13479437944002634;-0.2733375581142061;0.14894772083661809;0.3224312109694267;-0.11325856106289083;-0.15527804383874028;-0.09054831401700501;0.0;0.0;1.0;0.0;0.0;0.0;0.0;1.0;0.0;0.0
0.11249003941310792;0.663842108687627;0.28788551491294256;-0.18997750899533802;-0.2527595276336786;0.08643354079002898;0.40639286031973304;-0.33588136911912475;0.312056434908258;0.35861521631725385;0.0;0.0;1.0;0.0;0.0;0.0;0.0;0.0;0.0;0.0
-0.7924199698727596;0.3691802614401465;-0.7374578618864505;-0.09870696192463313;-0.012165111499867843;0.14107433878776146;0.14910648523383052;0.23212067386039495;0.08918079557354022;-0.10694116227037673;0.0;0.0;1.0;0.0;0.0;0.0;0.0;1.0;0.0;0.0
0.01796156234490473;-0.04398506893159298;-0.4535475045571942;-0.3635422608222569;0.16799012460576904;0.2792114666588183;0.13916307531068722;-0.08962808745068714;-0.08642733844743751;-0.05298343894326896;0.0;0.0;1.0;0.0;0.0;0.0;0.0;1.0;0.0;0.0
-0.4967054710749953;0.16538171260399728;1.222286298270684;0.1767343099065817;-0.4776675291353701;-0.27767813839927746;0.08351474537629727;-0.11461833740631217;0.19152712568698724;0.15106364342387654;0.0;0.0;1.0;0.0;0.0;0.0;0.0;0.0;0.0;1.0
-1.0471615356788528;-0.777974770379469;0.5535292358551333;0.25882251433293796;0.584655117688589;0.17545780774827383;0.0032228001842062345;-0.0898425412282191;0.09317100665571566;-0.009950076735872566;0.0;0.0;1.0;0.0;0.0;0.0;0.0;0.0;1.0;0.0
-0.39172427452147374;-0.46285348746649724;-0.1239598472061842;0.4587695120845013;0.4425049344698315;0.21313895012752243;-0.05977257501122604;-0.11153211913271775;0.2014301535610764;-0.6107496579621573;0.0;0.0;0.0;0.0;0.0;0.0;0.0;1.0;0.0;0.0
-0.0792137602412221;1.2880591067878449;0.060559222600664625;0.5596754780790936;-0.4465821411477391;-0.3940386188938904;0.3936949320641847;0.3041988386839457;0.5480870858266335;0.36825027229859264;0.0;0.0;0.0;0.0;0.0;0.0;0.0;0.0;0.0;0.0
-1.5770078899538775;-0.3110411453131759;0.13114275722934446;0.3952461049020925;0.32948622595462845;-0.33025323294444586;-0.14944197418386507;0.013743368827660349;0.23764558400895056;-0.29582435777636884;0.0;0.0;0.0;0.0;0.0;0.0;0.0;0.0;0.0;0.0
0.3982093203947174;0.1132156943908525;-0.2789690332857392;-0.24936083034125847;0.08006887862892374;0.2802993332803803;-0.2751963693903932;-0.4616757977433352;-0.02830136452944558;0.09465344930726247;0.0;0.0;0.0;0.0;0.0;0.0;0.0;1.0;0.0;0.0
-1.3080662177212647;0.18515417504392645;0.47760278417449553;-0.22065150645844217;0.4728040109482131;-0.18832097055223992;-0.22462770598066784;0.287087596550473;0.04768924026939157;-0.4645116940256925;0.0;0.0;0.0;0.0;0.0;0.0;0.0;1.0;0.0;0.0
-1.2244250880688208;-0.2480453327033271;-0.03141359740692111;-0.05942892468517915;-0.1562898469496529;-0.04467897765333767;0.11328677859407606;-0.07351698270491544;-0.3996218079147409;0.20044497301378386;0.0;0.0;0.0;0.0;0.0;0.0;0.0;0.0;0.0;0.0
-0.33471628741577464;0.2984109242734794;0.14029358055676727;-0.1394391328680015;0.9841695294786346;-0.25889085113071175;-0.17419501291200012;-0.15279802456070424;0.30491637937092625;-0.3300475477936184;0.0;0.0;0.0;0.0;0.0;0.0;0.0;1.0;0.0;0.0
-0.32719478205945085;0.17925803847156038;-0.7204181551833571;0.1428515866210853;-0.41558191121841936;0.03844944662886501;-0.5370549161919818;0.4992456576421871;0.3123638040484612;-0.19698733720352196;0.0;0.0;0.0;0.0;0.0;0.0;0.0;0.0;0.0;0.0
-1.1982569130130618;-0.3664167220438637;0.05346821459280894;0.04511631724759765;0.12789967818609638;-0.10544546264395699;0.10151059047502096;-0.22872993687495335;-0.24264064429777626;-0.14195546204728163;0.0;0.0;0.0;0.0;0.0;0.0;0.0;1.0;0.0;0.0
-0.7127297167802463;-0.22342616160590498;-0.3366792009961482;0.042018522148299854;-0.21672583774474494;-0.1587873107022189;0.12188352617589886;-0.4206425564869964;-0.6633093628114217;-0.10405441252182684;0.0;0.0;0.0;0.0;0.0;0.0;0.0;1.0;0.0;0.0
0.17139951595270936;-0.19651928905597485;-0.37273059612771536;-0.3915458299613063;-0.004550274916213561;0.3328815620780435;-0.2740452201301237;-0.05128735717897128;-0.12044434393732537;0.011986888106490042;0.0;0.0;0.0;0.0;0.0;0.0;0.0;1.0;0.0;0.0
-0.22151938440326716;0.2654610171290139;-0.7907949277254102;0.5087640268860801;0.3780636264308395;-0.002127959327915753;-0.05195471759063305;0.14971599805396882;0.2764909170249748;-0.2140192226229993;0.0;0.0;0.0;0.0;0.0;0.0;0.0;1.0;0.0;0.0
-0.24433727489161886;-0.1516732731043287;-0.19469148928485297;-0.34951277588552127;0.2652931713715492;-0.40799409575048584;0.15791135037824883;-0.17051884803570977;0.5124732745157934;-0.7236248611337511;0.0;0.0;0.0;0.0;0.0;0.0;0.0;1.0;0.0;0.0
-1.4752327017015947;-0.4758884395773933;0.29716869232220905;-0.04086940038715543;0.29181716735175733;-0.27450380372425515;-0.410083655510171;-0.165642353121669;0.034350190963059905;-0.16341604529044157;0.0;0.0;0.0;0.0;0.0;0.0;0.0;1.0;0.0;0.0
-0.2436797520885488;0.765941910652704;0.14984874792561428;-0.4720049110961594;-0.05413198230499512;-0.0030198854336933793;-0.20423942947429283;0.15227674797643978;-0.0945740519609547;-0.00541709454650098;0.0;0.0;0.0;0.0;0.0;0.0;0.0;1.0;0.0;0.0
-1.2303419903855244;-0.20478108034582176;-0.09729985927369877;-0.05524811011629952;-0.1392525986378414;-0.07438964167492587;0.08913532770891579;-0.11671042664163865;-0.42239412621386213;0.1373483392276132;0.0;0.0;0.0;0.0;0.0;0.0;0.0;1.0;0.0;0.0
-1.4737309892346684;-0.4666318429324109;0.2856116409612679;-0.028303670185192264;0.2928194101904098;-0.2783092240529764;-0.3509678204900317;-0.17441230186173895;0.030578344513624605;-0.17721863253637246;0.0;0.0;0.0;0.0;0.0;0.0;0.0;0.0;0.0;0.0
-0.16474299656098218;-0.38864391771751716;-0.1924998729910906;-0.17875016441793426;-0.4240986213745027;0.09105929139904384;0.3714666889726031;-0.05386539443271383;-0.10648266419747866;-0.33011104112454764;0.0;0.0;0.0;0.0;0.0;0.0;0.0;1.0;0.0;0.0
-0.5212451201801777;0.23221943435251785;-0.5199217899900287;-0.36377349799480413;0.26598303657586647;0.1404468737583778;0.35856248005110525;-0.004026306053382893;-0.05295051595269881;0.08074871193398961;0.0;0.0;0.0;0.0;0.0;0.0;0.0;1.0;0.0;0.0
0.1637957332581649;1.3745757094924471;-0.020126235558586097;0.7606555524811945;-0.26800742460053123;0.4745504347351485;0.16766317189440363;-0.24855529894142317;0.3105897051627842;-0.08184907558571992;0.0;0.0;0.0;0.0;0.0;0.0;0.0;1.0;0.0;0.0
-0.6609863063464977;0.2773429626068685;-0.5918336816711645;0.032298049818341244;0.0060159405109821915;0.2324443115344951;0.4289197656669488;0.33782525204370134;0.11611583391009492;0.1891697830828639;0.0;0.0;0.0;0.0;0.0;0.0;0.0;0.0;0.0;0.0
1.1448719878548637;-0.5124824316088611;-0.11319784570576247;-0.1732212991693653;-0.21695043959754;-0.033651797783407544;0.2508932106094391;-0.02805750289822273;0.1709551972498644;-0.2153291885051592;0.0;0.0;0.0;0.0;0.0;0.0;0.0;1.0;0.0;0.0
0.02487943769873173;-1.0665393874094062;0.41073247878497754;0.13857560954861853;-0.2578426694614118;0.10648386213246386;-0.4029238961677795;-0.14511676815528535;-0.10578671518564932;-0.39678527273301767;0.0;0.0;0.0;0.0;0.0;0.0;0.0;1.0;0.0;0.0
0.7271863837335231;-0.34258396666913654;-0.2022925595358003;-0.304081289602483;0.013949256905208634;0.12484105716679883;-0.14159086628002923;-0.005938577591080653;-0.011811767638408884;-0.06356935603022283;0.0;0.0;0.0;0.0;0.0;0.0;0.0;1.0;0.0;0.0
-0.8230677961690206;0.20304675949341175;-0.6520779127641211;0.6172125814258594;-0.15869507874419395;0.054932557920452034;0.17253641114755744;0.35436549217479885;-0.01252842287332069;0.18129679562035814;0.0;0.0;0.0;0.0;0.0;0.0;0.0;1.0;0.0;0.0
0.4805410499934506;-0.3148981952539673;-0.33069613126404485;0.42134673595362976;-0.39345317709333455;0.34230774644576484;-0.3473723474888952;0.6729533344174705;0.5184596864501378;0.01585201877376164;0.0;0.0;0.0;0.0;0.0;0.0;0.0;1.0;0.0;0.0
-0.3315235530518865;-0.7065984861641058;0.30596820544855624;0.21227540229839736;-0.03983609281866893;0.21346331927771;-0.2758155611145685;-0.02420165442593391;-0.4427026564476111;0.3765027741918156;0.0;1.0;0.0;0.0;0.0;0.0;0.0;0.0;0.0;0.0
-0.5375410334244967;0.14390465803501643;0.40115485396218453;-0.2563705716102098;-0.33749959090635573;-0.26921684680647845;-0.08369894276855618;-0.1446262768467758;0.13281402653576885;-0.11911476112141964;0.0;1.0;0.0;0.0;0.0;0.0;0.0;0.0;0.0;0.0
-0.2169565246280685;0.06920936492537558;-0.413053236696495;-0.5500547192103704;-0.41941063094148884;-0.2981585418220813;0.4173227768629182;0.05662822662125508;0.14597379820416123;-0.03755416853070235;0.0;1.0;0.0;0.0;0.0;0.0;0.0;1.0;0.0;0.0
-0.9721651889292918;-0.40271070584523316;1.1493170317816248;0.10753083717060237;0.19151310365907467;-0.11422729423542638;-0.23734554299802918;-0.0364668248949746;0.43421831850300424;-0.0832433660203929;0.0;1.0;0.0;0.0;0.0;0.0;0.0;0.0;0.0;0.0
-0.5581873646950474;-0.2431426449666706;-0.16537169676810495;-0.12254208658283244;0.09691882029626181;0.32283691490507993;0.08403856704548858;-0.036242735648991706;-0.24564771518111297;0.11356661823012311;0.0;1.0;0.0;0.0;0.0;0.0;0.0;1.0;0.0;0.0
-1.0294859573188773;0.5885342929822799;0.35451113626659053;-0.28038221730123003;-0.18867347771746332;0.19459701648868202;-0.35184387679630513;0.18275293366626366;-0.28952504662418593;0.17306655805306165;0.0;1.0;0.0;0.0;0.0;0.0;0.0;1.0;0.0;0.0
-0.4956194593541656;1.6314936911332643;-0.003819368788497252;0.6027592887976352;-0.18570124199398527;0.2589465520943176;-0.17147908410662838;-0.09351605441720076;0.40371250086480087;0.1286145817133368;0.0;1.0;0.0;0.0;0.0;0.0;0.0;1.0;1.0;0.0
-0.5550166094717933;0.45107555245325365;0.8489902963380506;-0.07201392090548918;-0.9350735252639861;-0.4362665875322519;-0.10642565561802357;-0.18016864691315795;-0.15138477359809951;0.19808732615671207;0.0;1.0;0.0;0.0;0.0;0.0;0.0;0.0;0.0;1.0
-0.29659271704815326;-0.003211304253186312;-0.09768683851554107;-0.5293792352770721;0.16375643446109014;-0.03321907209482623;-0.22973497459384545;0.2709208910729647;0.1320464065034881;0.4808817113400922;0.0;1.0;0.0;0.0;0.0;0.0;0.0;0.0;0.0;1.0
-1.135027707747534;-0.3050128916823453;0.05909605756021435;-0.16373044878608115;-0.381635531807694;-0.251874224896262;-0.00260617777965535;0.018280805516784862;-0.2548189280944858;0.29176581199101265;0.0;1.0;0.0;0.0;0.0;0.0;0.0;0.0;0.0;1.0
0.12398877976695737;0.9274597273972782;-0.060746338526905586;-0.07556180207794432;0.16398906433580487;0.04554648690717115;0.14496135893551912;-0.651625767005163;9.289294397644012e-05;0.13998083390797658;0.0;1.0;0.0;0.0;0.0;0.0;0.0;1.0;0.0;1.0
-0.9049676070529192;0.05488979559293446;-0.4346152198322412;-0.22167895909042704;-0.07884489986681598;0.02570652102873482;0.3157608570332753;-0.13191087167076182;-0.31121004886196585;-0.07794241345979906;0.0;1.0;0.0;0.0;0.0;0.0;0.0;1.0;1.0;0.0
0.9553478362240864;-0.398300195294212;-0.2315352105929612;-0.1403649989946175;0.010152561360551052;0.12576688069600148;0.16918481354443712;-0.11262758542122703;0.0024208890902006805;-0.14729718657511762;0.0;1.0;0.0;0.0;0.0;0.0;0.0;1.0;1.0;0.0
1.309234583112099;-0.4439201647633233;-0.28895341309446876;0.1061776407996177;-0.2538586974345249;-0.1453108386879827;-0.4503135383136289;0.08999835607038567;0.23880055911149534;-0.09292108387333171;0.0;1.0;0.0;0.0;0.0;0.0;0.0;1.0;0.0;1.0
0.4083985626096675;-0.4361394638510713;-0.27712966855306953;-0.14402008109852824;0.10694213529041284;0.8472998742759212;-0.006605360418006359;0.005814078785224078;-0.13530216575411141;-0.42209250917514635;0.0;1.0;0.0;0.0;0.0;0.0;0.0;1.0;1.0;0.0
0.638759794863333;0.46984144144900036;0.22396013277032106;-0.3194769145621534;0.2585575025573185;0.18414380366288596;-0.2981975421348938;0.4169070111699012;-0.6511305744699385;-0.23576835508208446;0.0;1.0;0.0;0.0;0.0;0.0;0.0;1.0;1.0;0.0
-0.9408411427340558;0.15130008749910595;0.8572536094717648;0.29161775997915174;-0.08973680147047508;0.1987633041696141;0.2303621146148574;-0.4275443239132746;0.06760261678094927;0.11039870181108001;0.0;1.0;0.0;0.0;0.0;0.0;0.0;0.0;1.0;0.0
-0.6933534635354623;0.9631438420390707;0.11540494084019358;-0.355100328783166;0.153786449966672;0.10455850848186282;0.24370019025767709;0.22383771126960572;-0.13405944162933706;0.1397777798849644;0.0;1.0;0.0;0.0;0.0;0.0;0.0;0.0;1.0;0.0
-0.5610743334970347;0.5155982735217587;0.008847373877655865;-0.32798383841871687;-0.1529527402035247;0.4377839903716203;0.49336171857612804;0.042396947995802195;0.10615720888509814;0.058943467295730224;0.0;1.0;0.0;0.0;0.0;0.0;0.0;0.0;0.0;1.0
-0.7091002647260153;0.4391868555640566;-0.4440245361831705;-0.47376046221803386;0.053800438874615705;0.15173063722051477;0.05276976676769417;0.22400022929788166;-0.2212802253308073;-0.20997810966981267;0.0;1.0;0.0;0.0;0.0;0.0;0.0;1.0;0.0;1.0
0.3100772349349045;-0.5795022214147626;0.38914643538432436;-0.18077648274228447;0.351195106111857;-0.32164950356482724;0.30026124157671447;0.12288356598481173;0.8129856555713839;-0.02019103433058667;0.0;1.0;0.0;0.0;0.0;0.0;0.0;0.0;0.0;1.0
0.7513711384999271;0.12361668102836801;0.29414269692455475;-0.28904360588465167;0.07782578630295471;0.0681427393067639;-0.32943604710342844;-0.11931781126918455;0.21621980813153524;0.3942184178377681;0.0;1.0;0.0;0.0;0.0;0.0;0.0;1.0;0.0;1.0
0.774350203987599;0.6232574937863976;0.27387144824956594;0.14094126439963015;-0.11938305928259357;0.8529643899079948;-0.04473345690409188;-0.9115958198343141;0.05567849174035495;-0.2074149263638375;0.0;1.0;0.0;0.0;0.0;0.0;0.0;1.0;0.0;0.0
-0.5019826405476666;-0.5804535293792278;0.10401661114802323;0.021176913563018526;-0.4430980920126257;-0.021611711489489382;0.5328982897197666;-0.10480976246276402;-0.30200066017938015;0.08895100143032443;0.0;1.0;0.0;0.0;0.0;0.0;0.0;0.0;0.0;0.0
-0.7422571158819649;0.9653152005243225;0.26952586518526134;0.25212999365348593;-0.6943583190765111;-0.07225093971760638;0.4624006956907576;0.019478694559894903;0.11583403501534288;-0.028817389124138133;0.0;1.0;0.0;0.0;0.0;0.0;0.0;0.0;0.0;0.0
1.7812442264245227;-0.5320793426004168;-0.10455066889538227;0.3674141148849843;0.11446919168312801;-0.22501994411387718;-0.23923446781866042;0.09704959773337508;0.3144397165083111;0.12129672640731506;0.0;1.0;0.0;0.0;0.0;0.0;0.0;1.0;0.0;0.0
0.5255313844202416;0.12980290715796794;0.09958032370296424;-0.30332045852941203;-0.48311096376994983;0.19044493471433205;0.03802295993657939;-0.12094132070862303;0.1314108950442775;-0.22765078146711898;0.0;1.0;0.0;0.0;0.0;0.0;0.0;1.0;0.0;1.0
-0.6836930538537194;0.20399180402101788;-0.5653384968359758;-0.4879543332301112;0.0006208177783092862;0.1958127752436904;0.14291961851904297;0.023221827565090197;-0.07615506573536401;-0.1001042765796277;0.0;1.0;0.0;0.0;0.0;0.0;0.0;1.0;0.0;1.0
-0.8319355656452754;0.16353864240817587;-0.4216824337369428;-0.11752998635759601;0.2283009170229872;0.005144864574785112;-0.4386343810672141;0.26841903409236967;0.3415599913277556;-0.04553882522362945;0.0;1.0;0.0;0.0;0.0;0.0;0.0;1.0;0.0;1.0
0.037739692800064666;0.9343936838862272;0.5986447319067739;-0.26616687255761945;-0.46573747709297014;0.24302988030734288;0.22077435088600614;0.16119563293221603;0.10394423582854222;-0.13147230872428542;0.0;1.0;0.0;0.0;0.0;0.0;0.0;1.0;0.0;1.0
0.49289411898760166;-0.5134421584247272;-0.05860619251669874;-0.3439580149348197;-0.15867548361128084;0.45462195150259005;-0.27538869061480786;0.1792024606028883;0.1298992286116262;0.024293711333324766;0.0;1.0;0.0;0.0;0.0;0.0;0.0;1.0;0.0;1.0
0.8479443704279216;0.49366192489866456;0.23562084385044044;-0.060826388328869656;0.4314035223475985;0.0732805519477135;-0.28033089716934395;-0.1688815289113865;-0.27318783481240033;0.3306439513197436;0.0;1.0;0.0;0.0;0.0;0.0;0.0;1.0;0.0;1.0
-1.269826040409198;0.4181875998322206;0.6509084439125531;-0.11994314821938838;0.1270854327655117;0.1170687346892015;-0.48263683470568586;-0.42830517401387597;0.4495131750758807;-0.18440940836051825;0.0;1.0;0.0;0.0;0.0;0.0;0.0;1.0;0.0;1.0
0.9950146013082235;-0.04341393897790595;-0.7119635206074775;0.31775524871369976;0.5313855457180646;0.185675224876121;-0.10922551356801649;-0.29583030001249766;-0.26864049654169836;0.04644075831293702;0.0;1.0;0.0;0.0;0.0;0.0;0.0;1.0;1.0;0.0
0.7542629075648245;-0.45060303880222474;0.05281248376193484;0.4561287841001893;-0.24376500753165786;0.016109835087541432;0.009456694550128944;-0.035345718469394896;0.11334953300194621;0.22207312582066438;0.0;1.0;0.0;0.0;0.0;0.0;0.0;0.0;1.0;0.0
0.4762975207400842;0.24810708871679996;0.35971366297780566;-0.3625080691051305;-0.4078981672945918;0.2974191060220598;-0.24925480513813134;0.1865193121075464;0.052312997591179196;-0.038368951366902306;0.0;1.0;0.0;0.0;0.0;0.0;0.0;1.0;0.0;1.0
-1.083893050417652;-0.5653683904658086;0.36490510255103337;0.036994302172148746;0.21775330120130335;-0.47523693526371613;-0.36140235987370783;-0.20490879344539645;0.0622833191260717;-0.04253812218417877;0.0;1.0;0.0;0.0;0.0;0.0;0.0;1.0;0.0;1.0
-0.5065804088961675;0.006584355432216756;-0.5611179356027821;0.06435449399997134;-0.29631718961373676;-0.11733372240587309;-0.35203772746477563;0.008938369550237394;-0.19874673767542567;-0.03940160017781412;0.0;1.0;0.0;0.0;0.0;0.0;0.0;1.0;1.0;0.0
-0.9076550080263597;-0.36254909395452706;0.1778879306906299;0.09196522731295369;0.2503978340436911;-0.42222610452340636;0.10365969682431828;-0.2307317699672535;-0.17258194588005704;0.20327667535688565;0.0;1.0;0.0;0.0;0.0;0.0;0.0;0.0;0.0;0.0
-0.3611278564869553;1.122252296349698;0.25826133087043707;-0.26307193168595583;-0.18931740397887628;-0.018061000472058008;0.28076560217342694;-0.1333788618320068;0.12391193259300198;0.182512586693342;0.0;1.0;0.0;0.0;0.0;0.0;0.0;1.0;0.0;0.0
-0.3194377502884728;-0.5984829431216618;0.1449463979630311;0.19812540749006086;-0.21691333061495083;0.03783414485862687;0.540650405313912;-0.1380748731149825;-0.39051840085626627;0.3158472580017969;0.0;1.0;0.0;0.0;0.0;0.0;0.0;0.0;0.0;0.0
0.32052910905206083;-0.14675684789684632;-0.33784799776181373;-0.2883481710353533;0.27487514405217967;0.2425415903737243;-0.14111252790794998;-0.0958870353349605;-0.11775767357056886;0.20146932068756784;0.0;1.0;0.0;0.0;0.0;0.0;0.0;1.0;0.0;0.0
-0.9120574339095113;-0.02456163934036768;-0.11828611996109792;-0.2761095710689215;0.47992440759393984;0.37532121198413565;0.5557237929808925;0.1905044521700475;0.3374662666935433;-0.08925804234645612;0.0;1.0;0.0;0.0;0.0;0.0;0.0;0.0;0.0;0.0
-0.7357082929856728;-0.5546321949682232;0.4901510110788126;0.47244454091243493;0.5654706987669584;-0.6770001814052246;-0.36701136659723416;0.0559315044839341;0.45808449914190175;0.2713494785390335;0.0;1.0;0.0;0.0;0.0;0.0;0.0;1.0;0.0;0.0
0.05487928793576672;0.23682968078342612;-0.7717661399506405;0.1258762259557824;0.25549801821372786;0.07076399424422407;0.021101120680737745;-0.031314089104793746;-0.09407092083756809;0.03183910138326843;0.0;1.0;0.0;0.0;0.0;0.0;0.0;1.0;0.0;1.0
1.1727710875990442;0.025210853271044095;0.48241359457867655;-0.12480421211631028;-0.6118933904170631;0.40146032040576435;-0.22100341114841965;-0.37313537704239347;0.35027379923945645;-0.062289140028955595;0.0;1.0;0.0;0.0;0.0;0.0;0.0;1.0;0.0;1.0
-0.8039715241949962;-0.4566869889100147;0.15593818801181933;0.13071708917737818;0.009711874754335032;0.14434098910473328;0.03384431963342559;-0.018428250347523354;-0.4177134482315498;0.5464885359651946;0.0;1.0;0.0;0.0;0.0;0.0;0.0;0.0;0.0;0.0
0.12810440017739272;0.3752725314288401;-0.20989772678462232;-0.40800000567854006;-0.3575387807954607;-0.557735410647326;0.45279089672307504;-0.267824908024874;0.29733372378312994;0.13812046047434634;0.0;1.0;0.0;0.0;0.0;0.0;0.0;0.0;0.0;0.0
1.3232520245721515;-0.7448153292778646;-0.09702800749707512;-0.16721588658145414;-0.44513449273896427;0.2912188756478668;0.1074792566690737;-0.015434929841391404;0.12718921939949243;-0.5385613848927108;0.0;1.0;0.0;0.0;0.0;0.0;0.0;1.0;0.0;0.0
0.7166487964244791;-0.439344750942333;0.1877116205520546;-0.11806094714109124;0.11252276030515461;0.05037016721018637;0.18104477457063053;0.3282497585769091;0.28871090404922894;0.33624276506609807;0.0;1.0;0.0;0.0;0.0;0.0;0.0;1.0;0.0;0.0
1.0309246134900656;-0.36406937153171637;-0.09998682579348295;-0.3633589385094416;0.05691289329015517;-0.3060127124324704;-0.39741924174370336;-0.068946648001283;0.16443793749745184;0.3050072047955473;0.0;1.0;0.0;0.0;0.0;0.0;0.0;1.0;0.0;0.0
-0.9600793222993003;0.26740130804377155;-0.641390335131263;0.5779135518182128;-0.19296850236200244;-0.04809673190566921;0.2061763325145116;0.38879532005159606;0.013608771270304887;0.23942011587046325;0.0;1.0;0.0;0.0;0.0;0.0;0.0;0.0;0.0;0.0
-0.5948862323712287;-0.011773431554924892;-0.42007972197840815;-0.5404687650030906;0.18564044993873646;0.11241807961878231;-0.48396322908387696;-0.10920581891008171;0.08168817572566979;-0.40869005979989514;0.0;1.0;0.0;0.0;0.0;0.0;0.0;1.0;0.0;0.0
-0.49484154079377346;0.27600821080484145;-0.20645462788494756;-0.2860955852449966;0.7243017311801376;-0.3410328405829555;-0.13917022324937955;-0.12644341713051804;0.08479759619268049;-0.5602247182180052;0.0;1.0;0.0;0.0;0.0;0.0;0.0;1.0;0.0;0.0
-0.44467082215970927;-0.665979270590792;0.3952691051810194;0.31525851245965847;0.43917563600058057;-0.03810863336341422;0.27283684085760995;-0.1811145670988816;-0.15660732820798803;0.3548610999474921;0.0;1.0;0.0;0.0;0.0;0.0;0.0;0.0;0.0;0.0
-0.7485105997597937;-0.4782009432757768;0.060124058736551536;0.5120014830446712;-0.00012174856759076344;0.3860138803295048;-0.0974132217411382;0.2117708948205264;-0.2776390516315434;0.493568421142966;0.0;1.0;0.0;0.0;0.0;0.0;0.0;0.0;0.0;0.0
-0.6480755337605775;0.3678997760327609;0.887527309836796;0.12859316776457952;-0.641111612793899;0.09025645013419872;0.25992167940384037;-0.14540001844454345;-0.2017962988131641;0.02098960086438331;0.0;1.0;0.0;0.0;0.0;0.0;0.0;0.0;0.0;0.0
0.9162282890628027;-0.5208842689854651;-0.11553396659088105;0.14261914301539372;0.1128366256815106;-0.011139015715342777;-0.4871568007272454;0.10580840062285646;0.44463304705796636;-0.18097189423346197;0.0;1.0;0.0;0.0;0.0;0.0;0.0;1.0;0.0;0.0
0.7804078821156899;0.012585810330694868;0.017628821296756126;-0.2662195880773451;-0.13614540607819792;-0.398573912855614;0.5216666248349933;0.0650144227748998;0.05331254985548965;0.21583867393569448;0.0;1.0;0.0;0.0;0.0;0.0;0.0;0.0;0.0;0.0
-1.0739404075585952;0.19355852659840755;0.022221238135255093;-0.25602236078320845;-0.2539561314195299;0.09374095276990373;0.09639153416737864;-0.13694679246400218;0.07604181152079365;0.2603219482711644;0.0;1.0;0.0;0.0;0.0;0.0;0.0;0.0;0.0;0.0
-1.0527002658987952;-0.2617470795378507;-0.09979360019193002;-0.06668540956579891;-0.3024784687641478;-0.1509226334632535;0.18453369775390616;-0.1312675418646873;-0.39803235815768206;0.10130248729987221;0.0;1.0;0.0;0.0;0.0;0.0;0.0;1.0;0.0;0.0
0.5218715455635071;-1.2043332487826879;0.7185016473320024;0.2716288715363177;-0.5327650785812366;0.02625497943872413;0.06879369969012286;0.18084081038747074;-0.02032165642684165;0.294009541145849;0.0;1.0;0.0;0.0;0.0;0.0;0.0;0.0;0.0;0.0
0.7322089085760841;0.30824855111620836;-0.5261958815362998;0.37992537126093634;0.40963005608988745;0.1926585723963192;0.022252795663710443;-0.4759896222534903;-0.051115362594357686;0.2041817725803471;0.0;1.0;0.0;0.0;0.0;0.0;0.0;1.0;1.0;0.0
1.1773728778653094;0.5409893583681316;0.19109691487551814;-0.23043149511014505;0.018074010164772464;-0.6511267211481746;-0.16386214765287851;-0.25816391802803534;-0.07091528069317665;0.17567136930800425;0.0;1.0;0.0;0.0;0.0;0.0;0.0;1.0;1.0;0.0
0.3635356749006557;-0.8328111678757202;0.12463442011963619;0.1021747769056757;-0.7480779204066258;-0.3201867633882725;0.19032235134174655;-0.2479273369126729;-0.29632750639631616;-0.3500659714231075;0.0;1.0;0.0;0.0;0.0;0.0;0.0;0.0;1.0;0.0
-0.7755371810587282;0.12276549004332646;-0.5132334156155351;0.16776294718882978;-0.1473847994873233;-0.06783112629741596;0.14118908865387153;0.07331673116104134;-0.21944072226447353;0.14133721716354036;0.0;1.0;0.0;0.0;0.0;0.0;0.0;0.0;1.0;0.0
0.2545283756419031;-0.09508576493146685;-0.5580380108967697;-0.25628052218792646;-0.0011269470325935718;0.28786740130173744;0.30152136427140025;-0.20382045931172002;-0.19559949637887405;-0.22681578291511492;0.0;1.0;0.0;0.0;0.0;0.0;0.0;1.0;0.0;1.0
-0.870435007521177;-0.055036132670337023;0.2608356976719249;-0.38072639277744513;0.7743225056221026;0.22689148424187874;-0.36340743293721695;0.2846054978904226;0.3899969541604125;-0.4793197648860304;0.0;1.0;0.0;0.0;0.0;0.0;0.0;1.0;0.0;1.0
0.07354530643681967;-0.02779844752308534;-0.6653277915516115;-0.014041076959646041;-0.1177877299997435;0.37316155393998496;-0.1919499465939117;0.11034231889066995;-0.007039973729618948;-0.16407724000569746;0.0;1.0;0.0;0.0;0.0;0.0;0.0;1.0;0.0;1.0
0.2640230225336892;0.28157239866883654;-0.46516845051960115;-0.3329654384330732;0.34227768771513883;-0.6290375447350889;0.18433687552773065;-0.16376194356292298;-0.14812418055078375;0.2415607078234999;0.0;1.0;0.0;0.0;0.0;0.0;0.0;1.0;1.0;0.0
0.15546812298296578;-0.5793798710534968;0.09364238831602899;-0.12490687494252464;-0.373822362000561;0.05170955064833741;0.27628357134444115;0.060180823885344605;-0.014307540318702317;0.1616834937121129;0.0;1.0;0.0;0.0;0.0;0.0;0.0;0.0;1.0;0.0
1.9275316007945995;-0.06175592454388021;0.26431943206022;0.1322010023320418;0.06092247313734966;-0.20113656231188537;0.3288708082223036;-0.3908137221315734;0.061814867818451934;-0.08125973059178171;0.0;1.0;0.0;0.0;0.0;0.0;0.0;1.0;1.0;0.0
1.5372181605802082;-0.28797035832731777;-0.4315166371159509;0.27845847701573595;-0.03982919544378586;-0.36809302437711666;0.14741374717753156;-0.12164321748296311;0.1476517810675181;-0.13244543788730295;0.0;1.0;0.0;0.0;0.0;0.0;0.0;1.0;1.0;0.0
1.3941357937951981;0.16319127594289248;-0.25922993644936976;0.833997957888303;-0.007257176702687625;-0.2093516616390013;0.25916130062148474;0.25945165459671454;0.21784767445791234;-0.09185345198479414;0.0;1.0;0.0;0.0;0.0;0.0;0.0;0.0;0.0;1.0
0.4482172433744559;0.29777459910281334;-0.518466634553246;0.35300610628350765;0.231263816977694;0.347025007608302;0.1253558453289304;-0.3479472627856553;0.009435627704470444;0.11575524441927328;0.0;1.0;0.0;0.0;0.0;0.0;0.0;1.0;1.0;0.0
1.2079688575900256;-0.2884557177730329;-0.08796135166702748;-0.20415384536821957;0.36088802949195226;-0.44040307717387384;-0.22198938534200763;-0.1787461926712289;0.07657544067298792;0.6076231233386573;0.0;1.0;0.0;0.0;0.0;0.0;0.0;0.0;1.0;0.0
0.9978203142955869;1.0799039384681266;-0.27918389083294803;0.8482053415318102;0.18655651766556652;0.12284884764628369;-0.30962899661367277;-0.3513363574017321;-0.11257385696171247;-0.009758126167351215;0.0;1.0;0.0;0.0;0.0;0.0;0.0;1.0;1.0;0.0
0.44051551227176516;0.780653734524795;0.2543597394954157;-0.22114502128283117;-0.2695105420491854;0.1891383673382242;0.03706753433723255;-0.3547804317453123;-0.01612483937182276;-0.10425122517383417;0.0;1.0;0.0;0.0;0.0;0.0;0.0;1.0;1.0;0.0
0.42449877798142327;0.5680442226775804;-0.29201301308837985;-0.17199177687103245;0.1880924386383542;0.0389415720564779;0.26568259830927643;-0.5092119199866335;-0.20116197456366705;-0.08861134505022566;0.0;1.0;0.0;0.0;0.0;0.0;0.0;1.0;0.0;1.0
-0.5651197615860237;0.7246343984315141;0.5474502056709479;-0.27892596567491773;-0.7529370322199463;-0.1484326580546556;0.021223361385971834;-0.15593050593675073;0.02542383096002687;0.013968005629356841;0.0;1.0;0.0;0.0;0.0;0.0;0.0;0.0;1.0;0.0
-0.11005672213652655;0.2787462909924451;-0.3319480983650908;-0.34690559380783653;0.23306525860058705;-0.6146254299361634;0.6285680720270448;-0.018937997267518443;0.15449138964204664;0.4434821188317657;0.0;1.0;0.0;0.0;0.0;0.0;0.0;0.0;1.0;0.0
-0.871465068957997;-0.8341546779290139;0.7236992440343518;0.07546612257641705;0.17053921570526964;-0.357653226240695;0.1524300191911987;0.06422279783945954;0.3909695004480414;-0.08558694049400675;0.0;1.0;0.0;0.0;0.0;0.0;0.0;0.0;1.0;0.0
1.5135324802623689;-0.28428114546756866;-0.39027192199620797;0.3369032707465344;0.11703584862483742;-0.307439419318424;-0.0017279163549245911;-0.09961440162075795;0.11865298071322629;0.015078057291850851;0.0;1.0;0.0;0.0;0.0;0.0;0.0;1.0;1.0;0.0
1.6928144703955896;-0.6394206150782888;0.07165431472157982;-0.02304254041116346;0.09708035274987023;-0.17729109581969593;-0.02693551641675066;-0.08556809984733918;0.16271017607786525;0.07173504318675386;0.0;1.0;0.0;0.0;0.0;0.0;0.0;1.0;1.0;0.0
-0.34254220089225307;0.643720838807835;-0.592139572096866;0.13202554243372877;0.09910234364654262;-0.007333807435209271;0.04772528630368232;-0.17365232040129608;0.15990978986830354;0.22198598220025556;0.0;1.0;0.0;0.0;0.0;0.0;0.0;1.0;1.0;0.0
0.6492925193971042;0.19473364571254095;-0.18096902800618903;-0.3594332095984064;0.22358494935762185;-0.5626677676884834;-0.01691709943581133;0.007767581989640251;-0.09593160610610917;0.22665170230380727;0.0;1.0;0.0;0.0;0.0;0.0;0.0;1.0;0.0;1.0
0.31159938513152163;-0.4022268851556785;0.0016653707204889255;-0.3817684862373908;0.0027595132931989455;0.29870298234464016;-0.2027049651824396;0.24460139762232636;0.2400171950103231;0.18849812112003897;0.0;1.0;0.0;0.0;0.0;0.0;0.0;1.0;0.0;1.0
-0.9159801651437118;-0.012991913136936577;-0.34986350985200615;-0.313827647238157;-0.08619468068360063;0.053612936772691175;-0.11775526644774631;-0.067597914243582;-0.28354984156610696;0.02327655967702748;0.0;1.0;0.0;0.0;0.0;0.0;0.0;1.0;0.0;1.0
-0.6154795367729277;0.2887476302871222;-0.7257826515213741;0.04948453265093592;0.21855872427578002;-0.07046887836328902;0.2245374583702619;-0.014249244325480219;0.18247036252672216;-0.4555767772539882;0.0;1.0;0.0;0.0;0.0;0.0;0.0;1.0;1.0;0.0
0.7170295205887838;0.877181168776223;0.19870221243086228;-0.06034602076403456;0.2798661985645583;0.11862457805786068;-0.21766596953109052;-0.5483358783137999;-0.1893062413717254;0.1407554147666992;0.0;1.0;0.0;0.0;0.0;0.0;0.0;1.0;0.0;1.0
0.24707664180615987;-0.037595465583263606;-0.4768301346535175;0.16979670405339325;0.2995595272725196;0.361610009400024;-0.13109794195301996;0.13880264166376954;-0.02493171262955311;0.20874819264066066;0.0;1.0;0.0;0.0;0.0;0.0;0.0;0.0;0.0;1.0
0.73741101907772;-0.058624645254956795;0.28535400864763755;-0.13559790279552522;0.3254241573799598;-0.44857358392516977;0.13748204813638995;-0.3206701034778366;0.5975053300168666;0.005307952025897157;0.0;0.0;0.0;0.0;1.0;0.0;0.0;0.0;1.0;0.0
-1.119567964685205;-0.6358926858737141;0.41783487317231366;0.2929066604078348;0.4915853646954481;-0.022201419596187138;0.3320239158192383;-0.1659193099037029;0.06819712162069265;-0.22589399625794132;0.0;0.0;0.0;0.0;1.0;0.0;0.0;0.0;1.0;0.0
-0.10254633970435795;-1.0743052012976602;0.5071778930096693;0.3408686708286628;-0.03264772324330796;0.3345965223169833;0.16507874848427323;-0.06202456664458952;-0.04764426708390716;-0.4396285124356009;0.0;0.0;0.0;0.0;1.0;0.0;0.0;1.0;1.0;0.0
0.8083740779535332;-0.35179604409799414;-0.13730423873813985;-0.43013055175469334;-0.1965049298650179;-0.26398242854457876;-0.28218588403515366;-0.02363795959780066;0.15855356126499406;0.1513172161992612;0.0;0.0;0.0;0.0;1.0;0.0;0.0;0.0;1.0;0.0
0.1861703271430364;-0.11183466680839402;-0.5020498211718475;0.43063290335361887;-0.14737477709492566;0.43605961665854354;-0.20212776906860408;0.5451824358935503;0.3271562054528901;0.22422008367293603;0.0;0.0;0.0;0.0;1.0;0.0;0.0;1.0;1.0;0.0
-0.18017589327509198;-0.13441628594147323;-0.25060605565775695;-0.6881095400441788;-0.2669321284083443;-0.5112054492482075;-0.48154758068128467;-0.030438370478813512;0.4253377200142277;-0.382311850495385;0.0;0.0;0.0;0.0;1.0;0.0;0.0;1.0;1.0;0.0
0.6033058463214754;-0.38082309348298987;-0.24493419333239985;-0.28387574757922285;0.10087135229352971;0.42034271142000645;-0.22452325439287793;-0.036906609612047725;-0.04380756820804163;-0.0716429183308724;0.0;0.0;0.0;0.0;1.0;0.0;0.0;1.0;0.0;1.0
1.5756721797057338;0.6690788218873631;0.40550295058142394;-0.1884820405505742;0.12524695390495091;-0.7847575634970501;0.1287464564232213;0.39707634196436326;-0.6291684402453632;-0.43963917175220313;0.0;0.0;0.0;0.0;1.0;0.0;0.0;1.0;0.0;0.0
1.2365415279562624;0.34099462292238664;0.33476129551690276;-0.2230820907327727;-0.008641457448936022;-0.33855354994550607;-0.33884456024446263;-0.14026457767417833;-0.032905850094157016;0.2202065184319364;0.0;0.0;0.0;0.0;1.0;0.0;0.0;1.0;1.0;0.0
-0.16159589876350616;-0.04709251574897129;-0.6139415849867664;0.42635466814905437;-0.664857652886685;-0.3204356645401241;-0.11624235850181604;0.259263301729984;0.135864142736089;-0.09752158676817865;0.0;0.0;0.0;0.0;1.0;0.0;0.0;1.0;1.0;0.0
1.408472187226189;0.3593148259450106;0.6927305805102534;0.14671634014155444;-0.0940307417111326;0.24965096751033183;0.259230174475075;-0.20006190384976782;0.11781039559116302;-0.1304354306952866;0.0;0.0;0.0;0.0;1.0;0.0;0.0;0.0;1.0;0.0
0.6652400109905537;-0.5838232630847033;0.050895331592831584;-0.26391802383692853;-0.22457038819992137;0.33936672332408163;-0.08665333866165827;0.24779824778112805;0.25309006846944515;0.043973993183403094;0.0;0.0;0.0;0.0;1.0;0.0;0.0;1.0;1.0;0.0
-0.6949009445365334;0.45856223094403725;-0.7298211511945909;-0.013380331755996922;0.1481731564462914;-0.006243887655985825;0.34954692200708354;0.2179421592024688;0.07332581661665258;0.17391778435929556;0.0;0.0;0.0;0.0;1.0;0.0;0.0;1.0;0.0;1.0
-1.5489048305519446;-0.41197570289167934;0.251023196959249;0.38492323751261975;0.4025602447030701;-0.2137519703554576;-0.33026910091850975;0.08259876448459227;0.2934876196773218;-0.23040400545170497;0.0;0.0;0.0;0.0;1.0;0.0;0.0;1.0;0.0;1.0
1.0404972305433584;-0.10371246422617456;-0.5162585416194939;0.2881279480418894;0.18417180621896695;-0.15648402859356772;0.26877284395620016;-0.08300971782886102;0.058328688764633076;0.0016280484962717284;0.0;0.0;0.0;0.0;1.0;0.0;0.0;1.0;0.0;1.0
-1.5090214418976875;-0.46040343992093524;0.30406690217427024;-0.02224321735469859;0.32869579522653075;-0.28575041665118023;-0.2969887299170806;-0.1681171717736488;0.0612907827304962;-0.20506124509231285;0.0;0.0;0.0;0.0;1.0;0.0;0.0;1.0;0.0;1.0
1.5712515564209406;0.3061104292246899;0.6906060693450993;-0.008177878844927693;0.09125807595053634;-0.2071022103538452;0.2521420152572263;0.5813846754025088;-0.3559201828912293;-0.2543172254750027;0.0;0.0;0.0;0.0;1.0;0.0;0.0;0.0;1.0;0.0
0.3954524229947565;0.03967918548258533;-0.6371477569664372;0.4697066191776109;0.009193352260652847;0.11770276226873345;-0.07431365737593079;0.3255350013325974;0.21592860968740668;0.2096096413596247;1.0;0.0;0.0;0.0;0.0;0.0;0.0;0.0;1.0;0.0
0.15692606313485455;1.685944886822231;-0.23552197800097563;0.7077136502019509;-0.03820370625169824;-0.022782018324134647;-0.2983638621555408;-0.4763635696463622;0.13408957756418555;0.060200412507842055;1.0;0.0;0.0;0.0;0.0;0.0;0.0;1.0;1.0;0.0
-0.654832690710537;0.7879719925991495;-0.19651070132232748;0.20878648162408325;-0.32710602007741735;0.0991847624057702;-0.12779453514972225;0.008930851714291196;-0.4156423292617584;-0.2958195272042179;1.0;0.0;0.0;0.0;0.0;0.0;0.0;1.0;1.0;0.0
0.7816270321889083;0.7151666771385465;0.6267320803374928;-0.2810122438819322;0.2690753646554177;-0.4819977623883985;0.22741386489749604;0.6869023193617948;-0.42273334912636773;0.030512916743615167;1.0;0.0;0.0;0.0;0.0;0.0;0.0;0.0;1.0;0.0
0.10927360786491354;0.09166818377544622;-0.2024372698176448;-0.533064794273355;0.04757116387413618;-0.6551797945805324;-0.09898461907432635;0.03859918955081059;0.19144763032709075;0.5532183179771509;1.0;0.0;0.0;0.0;0.0;0.0;0.0;0.0;1.0;0.0
-0.11748040198548379;-0.17708367458901067;-0.2981099627103056;-0.5346567055190946;-0.20051933621299442;0.23471234670652408;-0.028312232791692076;0.11140359675376058;0.14307761089144894;-0.12649661457068226;1.0;0.0;0.0;0.0;0.0;0.0;0.0;1.0;1.0;0.0
-1.215767517185703;-0.030574843373760062;-0.3475028065302852;0.4079743530105355;-0.26902106957319066;-0.10626872550151843;0.410757775411078;0.04926019965224899;-0.3553407507021219;0.17131608943871923;1.0;0.0;0.0;0.0;0.0;0.0;0.0;0.0;0.0;1.0
-0.37435797005274085;0.059554928397057276;-0.7287038293149968;0.7939915170837828;-0.3520481669385133;-0.6192786588564482;0.05130286567945806;-0.1610915132248865;-0.3437720679824453;-0.09460379170060611;1.0;0.0;0.0;0.0;0.0;0.0;0.0;1.0;0.0;1.0
-0.09456592818388361;0.2053960783473101;-0.2787088278700259;-0.40151502191784955;0.6535421190857824;-0.2334925971536315;-0.3085648231825976;-0.005574535547947144;-0.12336787304883584;0.3674351072344819;1.0;0.0;0.0;0.0;0.0;0.0;0.0;1.0;0.0;1.0
0.6665934486812967;-0.2935351907240116;-0.18545894822892384;-0.23032925950523472;-0.11353774818726929;-0.06622184960204716;0.49179868309156166;-0.01915092277792984;0.13534125080101267;-0.14448646038292653;1.0;0.0;0.0;0.0;0.0;0.0;0.0;0.0;0.0;1.0
1.0312346196704605;0.4525651602661058;0.06275526099506748;0.37547678647350036;0.12259466475399496;0.19735938474163478;-0.061057557811612005;0.049421624746085885;-0.07057441797015049;-0.3009339743236437;1.0;0.0;0.0;0.0;0.0;0.0;0.0;1.0;0.0;1.0
-0.572304142444807;-0.34647262358874054;-0.26221876449399345;0.05619385351712827;-0.20116006716983542;-0.019704989639973924;0.013868663993873109;-0.39726235919362063;-0.6603878279068672;-0.07607678690920978;1.0;0.0;0.0;0.0;0.0;0.0;0.0;1.0;0.0;1.0
0.028093359950794695;0.041206339615164046;-0.4145112816090521;-0.42021219858039077;0.3419189477215934;0.04065280038738382;-0.18055082388442736;-0.09290762362565406;-0.04936059392737138;0.17598760298996524;1.0;0.0;0.0;0.0;0.0;0.0;0.0;1.0;0.0;1.0
0.6138750995884817;-0.032039852476437515;-0.4105356645665255;-0.35020028178051466;0.0698973943654368;-0.42307498135567334;0.16969575774785783;-0.2051427493783519;0.05255142581591772;0.12469639769441848;1.0;0.0;0.0;0.0;0.0;0.0;0.0;1.0;0.0;1.0
-0.457214348431369;0.7912525311924692;-0.25216617335916297;-0.025931443319695085;-0.041853087787639034;-0.016322523725806157;-0.18651221447471716;0.11022187661202049;0.2110621369500161;0.20758712198871893;1.0;0.0;0.0;0.0;0.0;0.0;0.0;1.0;0.0;1.0
0.023270994921973084;0.2860583720425052;-0.0008746003312565802;-0.24798829971821115;-0.17042910136681658;0.5617309637584355;-0.024277762692740575;-0.07833077614527573;-0.0071344664945936715;-0.17771478782110015;1.0;0.0;0.0;0.0;0.0;0.0;0.0;1.0;1.0;0.0
-1.185905101731135;0.2590455520536927;0.7344160054079436;0.018790492459005027;-0.42130029326967805;-0.10730404957613578;-0.24240593263892757;-0.4573501934884546;0.14317842986582843;0.06816742393835538;1.0;0.0;0.0;0.0;0.0;0.0;0.0;0.0;1.0;0.0
-1.3978894160367166;-0.18006459098845037;-0.09662297328952915;0.3890444987543508;0.029230335352066466;-0.21445555889426082;0.07154206559346732;0.040271732980024705;-0.05507573689715036;-0.048451546922893905;1.0;0.0;0.0;0.0;0.0;0.0;0.0;0.0;0.0;1.0
-0.6258046313158218;0.3743851933231326;-0.8592965243002415;-0.0897725104559256;-0.06254334095168583;0.12298984299582565;0.10391153633664557;0.10738363247396371;-0.020436990403569;-0.23193038106194894;0.0;0.0;0.0;0.0;0.0;1.0;0.0;1.0;1.0;0.0
-0.8413785478935684;-0.7595376205393929;0.4819785845665518;0.26413476730110347;0.261260502009362;0.3094500577191648;0.04601088977432652;0.04846368615153251;-0.08111269491515448;0.02322488691908771;0.0;0.0;0.0;0.0;0.0;1.0;0.0;0.0;0.0;0.0
0.04646043159606703;0.7966564085462015;0.3896386626147968;-0.0534107320344919;-0.04373055390211845;0.5539350253690641;0.17955656730194086;-0.1859575546323067;-0.09249001198169923;0.2017013161803899;0.0;0.0;0.0;0.0;0.0;1.0;0.0;0.0;0.0;0.0
0.6466326751895985;0.15509897463944294;-0.28584265746620463;-0.22073912252851308;-0.22368716192187915;-0.2259178645394594;0.3587046373108898;-0.4964561688814141;0.1575704458358491;0.0012274728209921001;0.0;0.0;0.0;0.0;0.0;1.0;0.0;1.0;0.0;1.0
-1.3112313859006155;0.2784779102249668;0.43110360439395357;-0.11748330971219346;0.5314513064445764;-0.2492353391381496;0.348229450671007;0.2689548512507442;0.013711534540382708;-0.6273058638222367;0.0;0.0;0.0;0.0;0.0;1.0;0.0;1.0;0.0;0.0
-1.0957214046657235;0.1042712004576658;0.3079858301623121;0.4920367403771594;0.12082323632231691;-0.28454970877867797;-0.5018747069446997;-0.36552697122592875;0.06421451675162297;-0.4631255824564344;0.0;0.0;0.0;0.0;0.0;1.0;0.0;1.0;0.0;0.0
-0.8895360664512194;-0.4520618641032235;0.38151893719599045;-0.40571318840643217;-0.08574706450217238;-0.6975033116543539;-0.3048598054516359;0.12413310759480634;0.6596937463930178;-0.10846010634871701;0.0;0.0;0.0;0.0;0.0;0.0;0.0;0.0;0.0;0.0
0.26287682830756764;-0.20900401856488088;-0.2610915736945546;-0.13904244072347136;0.3530040252319235;0.48376917608648506;0.06156376315909221;0.025690954198471713;-0.07118889520810294;0.1262963899170668;0.0;0.0;0.0;0.0;0.0;0.0;0.0;1.0;0.0;0.0
0.39556211938075697;0.9421789169872415;-0.1747741574770794;-0.14171582668509994;0.27068763992769773;-0.3824072068498015;0.17661469313373673;-0.35816161185725137;-0.35342508172737885;-0.03586556676227317;0.0;0.0;0.0;0.0;0.0;0.0;0.0;1.0;0.0;0.0
0.6672119719672905;0.028832989107969567;-0.4050793221396655;-0.3212201143100966;0.32145684590821727;-0.4452967694370018;0.09501768423835316;-0.24796099116063378;-0.06529636554553848;0.1332566244412136;0.0;0.0;0.0;0.0;0.0;0.0;0.0;1.0;0.0;0.0
-0.5186362474028231;-0.5131064789561225;-0.1449668489086733;0.04147379581498807;-0.21230523722279576;0.22172494484374322;-0.11820933271100446;-0.3120352392929956;-0.6057687892705043;-0.19302337596101618;0.0;0.0;0.0;0.0;0.0;0.0;0.0;1.0;0.0;0.0
-1.0292303474459608;-0.6550471888229361;0.45006707600258694;0.20241485721437147;0.3646828671329059;0.21568035499233112;0.10060197709975782;0.012662797597043635;-0.048884641670563556;0.10459030238920272;0.0;0.0;0.0;0.0;0.0;0.0;0.0;0.0;0.0;0.0
-1.062476094442641;-0.26704133617225834;-0.2206380213736517;0.40189748986229723;-0.025089422141586493;-0.11319025816152208;-0.19920884362394764;-0.10472705264446425;-0.21274218018607446;-0.17151543650145887;0.0;0.0;0.0;0.0;0.0;0.0;0.0;1.0;0.0;0.0
0.3093325170201782;0.4473534286688821;0.2608933660656551;-0.024722054672784995;0.4683989037538268;0.2589637086056802;0.20331669831354382;0.20048456757715025;-0.271951670582876;0.4343673012361482;0.0;0.0;0.0;0.0;0.0;0.0;0.0;0.0;0.0;0.0
-0.1869907231954594;0.9216728165970656;0.34746228307855415;0.2639283834817408;-0.5834960482234935;-0.009659420907434973;0.32344845763899677;-0.3983239019563264;0.944077506452967;-0.31279015111184233;0.0;0.0;0.0;0.0;0.0;0.0;0.0;1.0;0.0;0.0
1.091142435717181;-0.04170992766596567;0.15626531818651448;-0.11809323040231652;-0.25699116751909096;0.314001214806101;0.14041513710779246;-0.23338747414532765;0.08170887929229062;-0.2663553277172449;0.0;0.0;0.0;0.0;0.0;0.0;0.0;1.0;0.0;1.0
1.5089420628194354;0.6660417358920061;0.30952957974437767;-0.04482822566308989;-0.17242534158590755;-0.454474405283089;-0.06090363834588279;-0.625075887636991;0.0062531461793211805;-0.11900445886511535;0.0;0.0;0.0;0.0;0.0;0.0;0.0;1.0;0.0;1.0
-0.18837783061297264;1.4709379886052218;-0.02611642095113615;0.8347472150858982;0.22125819797928656;-0.11299470257582116;-0.09111436319414523;-0.6099696273247638;0.5545809878035773;-0.671568394064243;0.0;0.0;0.0;0.0;0.0;0.0;0.0;1.0;1.0;0.0
-1.091049926670894;-0.08675456457326083;0.6130191271937512;0.025870408541615306;-0.08487101791194877;0.0806527853649975;-0.35406444823799343;-0.20200820257638946;-0.055998575719574575;0.0043738733736115925;0.0;0.0;0.0;0.0;0.0;0.0;0.0;1.0;1.0;0.0
0.43199705549309425;-0.9435249623785802;0.222063889299371;0.0919936384215045;-0.4322001046757511;-0.037731958689423625;-0.3746274430131664;-0.23264272898245028;-0.3556864390483627;0.09232876361000601;0.0;0.0;0.0;0.0;0.0;0.0;0.0;1.0;1.0;0.0
0.05260848177347023;-0.556324032488004;-0.06072887068551179;0.08907973087214632;-0.2778301314986216;-0.31968886741086117;0.043670508746944774;-0.3906538475026454;-0.44065557483523243;-0.16879604300713458;0.0;0.0;0.0;0.0;0.0;0.0;0.0;1.0;0.0;1.0
-0.8295152118641321;0.328753142794911;0.23936297509595578;-0.3326647655819799;0.7792123614669372;-0.23259943234242134;-0.42812612148550966;0.05663188964149535;0.39874846442409867;-0.14878599012264854;0.0;0.0;0.0;0.0;0.0;0.0;0.0;0.0;0.0;1.0
0.09417114007975508;1.0825195210690206;0.1281131651744861;-0.07423625970168592;0.2970045673978111;0.2058523209921194;0.1435654968381423;-0.4394302098126529;-0.1542342052292411;0.07200107944443705;0.0;0.0;0.0;0.0;0.0;0.0;0.0;1.0;0.0;1.0
-0.596747746917906;0.5174409178205329;0.6520398088083751;1.1181435108900335;-0.023357841856039997;0.602211928720658;-0.13739167649142348;-0.29291183934562653;0.883545277122499;-0.4924638088996156;0.0;0.0;0.0;0.0;0.0;0.0;0.0;1.0;0.0;1.0
1.6743070085547564;-0.5629846516995746;-0.043508096949441195;0.03407944477550399;0.24370930164757185;-0.08845789260810395;0.16069325851793992;-0.18871009036956649;0.051052850264875285;-0.01423380122085012;0.0;0.0;0.0;0.0;0.0;0.0;0.0;0.0;0.0;1.0
0.06857528261812541;-0.5943995966367097;0.177729828225256;-0.069202823003102;-0.058007543893100984;0.2786620984855575;-0.028292536092504636;0.0877266428662017;-0.11974716517606665;0.4976162841867464;0.0;0.0;0.0;0.0;0.0;0.0;0.0;0.0;0.0;0.0
-1.4020071749392302;-0.5728494594245995;0.4059496563580186;0.08089647378948159;0.449323957020035;-0.08462937560512004;-0.10175844541788148;-0.127324314195265;0.10328666920620216;-0.18900466276166414;0.0;0.0;0.0;0.0;0.0;0.0;0.0;0.0;0.0;1.0
-1.0321871148238968;1.4072975112597406;0.19379175286352546;0.7986787430971705;-0.5297573603294283;0.3448939266661342;0.22020782886308948;-0.0783964565744141;0.2302415226189999;0.05342540152690403;0.0;0.0;0.0;0.0;0.0;0.0;0.0;0.0;0.0;1.0
0.3322764694927902;0.6384918378074615;0.7817754237959648;-0.1852337899162307;-0.5817145164557588;0.811289090906508;-0.4360066508383071;-0.22449522939575597;0.37907940866694784;-0.08707765589562598;0.0;0.0;0.0;0.0;0.0;0.0;0.0;1.0;0.0;1.0
1.1368235620630525;0.496722328215869;0.22718049716275152;-0.08760393414883515;0.430054487284457;-0.15049352187639353;-0.3202917810467859;-0.22976229797286296;-0.30839206114736567;0.2552611543828634;0.0;0.0;0.0;0.0;0.0;0.0;0.0;1.0;1.0;0.0
-0.5859866616982252;1.086117298103386;0.4823403183373002;-0.2733186566925117;0.4615961092776316;-0.045323101266646446;-0.28288884673087994;-0.17936424049726585;0.20043539618279552;0.1346888701049458;0.0;0.0;0.0;0.0;0.0;0.0;0.0;0.0;1.0;0.0
0.8302129393195538;-0.2791404764992894;-0.21930389989785365;-0.09671153093413243;0.4603595822635707;0.1714063822875469;-0.20260385894775043;-0.128622646473321;-0.09037032272789386;0.15461288646251098;0.0;0.0;0.0;0.0;0.0;0.0;0.0;1.0;1.0;0.0
-0.2296440160095985;0.7473778272056196;0.26965567666826984;0.016187385368593828;-0.27900797072561623;0.24185620377627498;-0.20637571510634675;-0.4992678380704604;-0.42777854426590306;-0.10881105048405494;0.0;0.0;0.0;0.0;0.0;0.0;0.0;1.0;1.0;0.0
-1.3915596996527442;-0.23673547943361925;0.15327367068628586;-0.2418109857748926;0.4713491371308853;-0.15978926943890212;-0.20765250120314221;-0.017205650367970622;0.32789247007411454;-0.2679950425603697;0.0;0.0;0.0;0.0;0.0;0.0;0.0;1.0;0.0;1.0
0.05694106422319049;-0.38302482633383045;-0.21308866307273297;-0.33677619929339414;0.03966071512283014;0.31857014402460226;-0.11837416646324278;-0.04440156584265371;0.21681049062759372;-0.7030561725372165;0.0;0.0;0.0;0.0;0.0;0.0;0.0;1.0;0.0;0.0
-0.588355713555491;0.22952294110782223;-0.4578895897376799;-0.3650043502805768;0.27325029897120595;0.14486988436165643;0.41356480253106714;0.054960676185286154;-0.01802839230512664;0.17232378566566503;0.0;0.0;0.0;0.0;0.0;0.0;0.0;1.0;0.0;0.0
0.12992109422879058;-0.08679976193904498;-0.295671522518061;-0.4123792522670389;0.11545781471129657;-0.46789715376357477;-0.15851150277747145;-0.19543725453502786;0.2268168466486779;-0.265671079555314;0.0;0.0;0.0;0.0;0.0;0.0;0.0;1.0;0.0;0.0
1.0242174531906283;-0.6398289576651098;0.09089103713954502;0.08702126589167263;0.8091039649169178;-0.039516902093965627;-0.07241792285048726;-0.3539769414547212;0.3331675348424885;-0.5583580983052525;0.0;0.0;0.0;0.0;0.0;0.0;0.0;1.0;0.0;0.0
-0.90240995927223;1.028544044438281;-0.07136162780863126;0.02974987881234191;-0.2974470002332138;0.43536595553945123;0.05314053646861956;-0.006948091147170087;0.3503122816007408;0.17480531479148131;0.0;0.0;0.0;0.0;0.0;0.0;0.0;0.0;0.0;0.0
1.4995463801545788;0.4704110913543743;0.5332428866379034;0.12432784623888798;0.10191679519437485;0.07448756300560876;-0.19611560002032336;-0.44465483894504165;-0.011323822155083199;0.0022942510327231716;0.0;0.0;0.0;0.0;0.0;0.0;0.0;0.0;0.0;1.0
-1.2536815072611363;-0.5067997481472285;0.29197847068293087;0.11537178305439329;0.3484100082948427;-0.24581137598745342;-0.09165859371349556;-0.21527800008533662;-0.009679998542872752;-0.11107617762682456;0.0;0.0;0.0;0.0;0.0;0.0;0.0;1.0;0.0;0.0
1.1139924886583863;-0.49195914389925377;0.15117364546543158;-0.07806887157664681;0.037002473464045886;-0.1718564552124722;0.6073972691523563;0.10713075374050443;0.29938102272744704;0.14160253598166614;0.0;0.0;0.0;0.0;0.0;0.0;0.0;0.0;0.0;0.0
0.6855063789238862;0.7931913984262376;0.33959891269480097;0.13497719225665514;0.3694615412181936;0.3754345629518781;0.19892264194907178;-0.4335647797072735;-0.1844536471235245;0.22160579630838725;0.0;0.0;0.0;0.0;0.0;0.0;0.0;0.0;0.0;0.0
-0.8237658705321828;-0.6014298704400792;0.3361514960774392;0.376409542594389;0.40607829428567477;0.19397745163997057;0.6240909373439202;-0.10985163939705375;-0.15645627216021457;0.18658559787775866;0.0;0.0;0.0;0.0;0.0;0.0;0.0;0.0;0.0;0.0
1.1678506144776324;-0.22180858328326353;-0.35119288268925253;0.10142450177314233;0.7408942998394046;0.1548661279024808;0.16893865496289706;-0.39110047957582883;-0.2991512705739773;0.17972663234559833;0.0;0.0;0.0;0.0;0.0;0.0;0.0;1.0;0.0;1.0
-0.5925087595659395;0.9181638548916193;-0.589693115544829;0.38843971418317685;-0.09923851609213792;0.031248218401335355;0.23334240755373917;0.7192630469892864;-0.10961055716790909;-0.14501955185448842;0.0;0.0;0.0;0.0;0.0;0.0;0.0;1.0;0.0;1.0
-0.7802281533301656;-0.5992663757204612;0.36656763494293754;0.14582897866675074;0.09664323457047043;-0.21108303834199485;0.2371034084373076;-0.08934843722558482;-0.03452732819510923;0.16703891841952934;0.0;0.0;0.0;0.0;0.0;0.0;0.0;0.0;0.0;1.0
-0.36728960504229247;0.37338513423923153;-0.4345759111876035;0.27155870821171496;-0.026437241585824223;-0.09338740472346527;-0.3644916121045792;-0.4118075078556411;-0.15154363153455372;0.07130298378513067;0.0;0.0;0.0;0.0;0.0;0.0;0.0;1.0;1.0;0.0
0.10522495090769207;0.14591209526797158;-0.5242751318780321;0.31556979854492173;0.49599393467899855;0.27545993806748265;0.23375986495756035;-0.2753971397136791;0.17478781134578586;-0.3648815093220587;0.0;0.0;0.0;0.0;0.0;0.0;0.0;1.0;1.0;0.0
-0.28855171494285853;0.2758893678603077;-0.9244726274514293;0.24393483594875565;-0.12652498355097933;0.21142404836778397;-0.6880130517166366;0.3100968227160693;0.07128405202902176;-0.08627534422093133;0.0;0.0;0.0;0.0;0.0;0.0;0.0;1.0;1.0;0.0
-0.3102024594933457;-0.08115449675868316;-0.22575363621939729;-0.521700070529594;0.23592521479733455;-0.1439023817013027;-0.32111743167189255;-0.042929254354953046;0.2642262663311645;-0.14411551903341452;0.0;0.0;0.0;0.0;0.0;0.0;0.0;1.0;1.0;0.0
-0.8532463452127771;1.4414912583443733;0.2660032222178786;0.10717015487834475;-0.39223750145399877;0.5318480449294704;-0.09417131657679152;-0.0713423645630752;0.3368330766317169;0.14106592814193697;0.0;0.0;0.0;0.0;0.0;1.0;0.0;0.0;0.0;0.0
1.9016409956261378;0.11461649754176505;0.49916710705924106;0.12542722136498116;0.09475895967330401;-0.22330838939670533;0.2437242456114797;-0.1268466095562316;-0.06079809889428097;-0.0655125768727853;0.0;0.0;0.0;0.0;0.0;1.0;0.0;1.0;1.0;0.0
-0.06550172035314268;-0.2541163274842223;-0.15758504140246773;-0.3231053802902818;0.08306312153128291;0.5864513502177724;0.16524346339526055;0.17662625289285502;0.00094047196001357;0.2622244069553675;0.0;0.0;0.0;0.0;0.0;1.0;0.0;0.0;1.0;0.0
-0.8912619459277074;0.12635230661968544;-0.30620412893401183;-0.513424871017957;0.08422614995503498;0.3231478025630841;0.004887731950490879;0.2760812087261979;0.07369452632258454;0.261443170910359;0.0;0.0;0.0;0.0;0.0;1.0;0.0;0.0;1.0;0.0
-0.9863808709958946;-0.2873863517470901;0.025675316023327916;-0.07068890307033272;-0.3685878625550615;-0.3230232569314175;0.17622481286373357;-0.03837209832861461;-0.30009035420549446;0.33825910066492115;0.0;0.0;0.0;0.0;0.0;1.0;0.0;0.0;1.0;0.0
0.7572753326187653;-0.3690293236405318;-0.35823818350820225;0.569040600114914;-0.4045286968199792;0.3391191113247746;0.06408838656810151;0.5849734986202656;0.4900607100765134;-0.06789052838922287;0.0;0.0;0.0;0.0;0.0;1.0;0.0;1.0;1.0;0.0
0.2884547617553668;0.4348872982928436;-0.054841971326987676;-0.4116140259446939;0.1115350411101918;-0.2821640511542023;-0.3891492795420542;0.1983248698568815;-0.32052511616715057;0.0589432351774497;0.0;0.0;0.0;0.0;0.0;1.0;0.0;1.0;0.0;0.0
-1.2129643451658325;-0.19422979916337957;-0.008933271613161159;-0.17502248777515383;0.36216477608786196;-0.18013241796057253;0.029186423014521744;-0.14524234588564305;0.17039813476403423;-0.3239386235686608;0.0;0.0;0.0;0.0;0.0;1.0;0.0;1.0;0.0;0.0
-0.9585192166885483;0.2701365759573524;-0.4313317382415846;-0.45021370945363604;0.11321710902568599;0.1568779171780878;0.5099649862599491;0.1520396930404147;0.059720170443103786;0.02823391122548545;0.0;0.0;0.0;0.0;0.0;1.0;0.0;0.0;0.0;1.0
-0.7251490080297618;1.0266233668191855;0.354914781845026;-0.3718914554287557;-0.1935493864201718;0.3926119857711975;-0.34187149936701916;0.030575179852774192;0.05772148328095111;0.27256581933109164;0.0;0.0;0.0;0.0;0.0;1.0;0.0;0.0;0.0;1.0
0.05709372725770015;-0.11567712049731403;-0.35588660768318636;-0.5946961521347937;-0.5908067158959411;-0.2694546350644934;0.0983446386143799;0.09132230802862602;0.23607755637636008;-0.20617310770649477;0.0;0.0;0.0;0.0;0.0;1.0;0.0;1.0;0.0;1.0
-1.4403010525361017;-0.5851342497030887;0.44751902029290325;0.06182546621604889;0.483195856378851;-0.08445972754588123;-0.16601102488520908;-0.10348928662703488;0.1415428003219443;-0.18924210082574275;0.0;0.0;0.0;0.0;0.0;1.0;0.0;1.0;0.0;0.0
-0.4810781582700946;0.9999981199417345;0.5129707325468714;-0.408560669883469;0.4197194465703824;0.13464923692164585;0.10721016462821983;0.9911512897649826;-0.5589504899043842;-0.035214430437642;0.0;0.0;0.0;0.0;0.0;1.0;0.0;0.0;0.0;0.0
0.13789858703718996;-0.7950465603825998;0.15383638119528795;0.37404089493259535;-0.6389934993832743;-0.16879614519814926;-0.37522212533039867;0.14491748492223006;-0.0269919537474809;0.07078377879978087;0.0;0.0;0.0;0.0;0.0;1.0;0.0;1.0;0.0;0.0
1.0945294399139915;-0.16732941464191053;-0.5411411081529889;0.7809468514062783;0.31012877261362126;0.256080338558113;-0.07144597010361213;0.20487910077169683;0.10710835425742958;0.02447313117805644;0.0;0.0;0.0;0.0;0.0;1.0;0.0;0.0;1.0;0.0
-0.05937384976599633;-0.5071662911593859;-0.15608302854100164;-0.2521595582956001;-0.3615797577924496;0.252927539587625;-0.37430494402555464;-0.06648213900866293;-0.199666506415384;-0.37573186455791746;0.0;0.0;0.0;0.0;0.0;1.0;0.0;1.0;1.0;0.0
-0.8135559524147951;0.1721668211744464;-0.5214870731229173;-0.3964257512007308;0.22653956915254966;0.059481909794897564;0.20410290716322263;-0.08485998038922568;0.1116932282887487;-0.39001241114899293;0.0;0.0;0.0;0.0;1.0;0.0;0.0;1.0;0.0;0.0
0.6942160216111677;0.6163791252616472;0.20800456575446627;0.10876525244818266;0.7166600465564601;0.22683786260111521;0.3850901004733284;-0.12797239770349075;-0.30866440112685867;0.270925508189655;0.0;0.0;0.0;0.0;1.0;0.0;0.0;1.0;0.0;0.0
1.3217836774156666;-0.2302819632894158;-0.34909242488023057;0.8009660397868589;-0.02096916695686554;-0.21977708167083854;0.44380222491671967;0.36858305150845055;0.4738727897740229;0.05929229311895893;0.0;0.0;0.0;0.0;1.0;0.0;0.0;0.0;0.0;0.0
-0.1070285308518652;-0.5730257125563043;-0.014000440840057143;0.0008297020852918017;0.17430227335097645;0.33686351769258777;0.15272054627747453;-0.21395917169981143;-0.11707843908326486;-0.22102214166572337;0.0;0.0;0.0;0.0;1.0;0.0;0.0;1.0;0.0;0.0
-0.20251157060041852;0.39435952179031236;-0.034963128577363334;-0.3091857320398577;-0.0004736284138123102;0.5705215711368784;-0.12451586819740647;-0.1225796622824651;-0.07938939925384668;0.00642330568959086;0.0;0.0;0.0;0.0;1.0;0.0;0.0;1.0;0.0;0.0
0.7064149169644653;0.06505954394478554;-0.13285215339534898;-0.18979485839947385;0.5216007150512659;0.17482535962171694;-0.03971669293184563;-0.05925759740407887;-0.29196283607754836;0.10156363327139188;0.0;0.0;0.0;0.0;1.0;0.0;0.0;1.0;0.0;0.0
0.9030135216183726;-0.2779163241369287;-0.2830555441654982;0.02456481048087242;0.6030559557788753;0.34672226764841296;0.017601127548985487;-0.21782503428514852;-0.21290914335510366;0.08860410822145602;0.0;0.0;0.0;0.0;1.0;0.0;0.0;1.0;0.0;0.0
-1.1761484860246953;0.4060230381040648;0.15886385178820966;0.12879840519660368;-0.057367839725684815;0.08938766078323797;-0.4813433597013945;0.10500114317948508;0.21297913090337645;0.017528142336661237;0.0;0.0;0.0;0.0;1.0;0.0;0.0;1.0;0.0;1.0
-0.10746181639645105;0.35837786273294886;-0.785673843632446;0.11615007401463501;0.4240621267560826;0.015635912956301613;0.3166348626766814;-0.03504297123723265;-0.05402763001503235;0.05239743943307142;0.0;0.0;0.0;0.0;1.0;0.0;0.0;1.0;0.0;1.0
-1.3199677204549725;0.3923939922600055;0.4962689777269885;0.3800756110004236;-0.09969470173987763;-0.08566154997098901;-0.4846386223199374;0.15412011480652;-0.15727646326567446;-0.07865637981170362;0.0;0.0;0.0;0.0;1.0;0.0;0.0;1.0;0.0;0.0
-1.2115055913953043;0.08492192245694016;0.1439902217983088;-0.22368946145117177;0.04505638791987855;0.09684395989010014;-0.2697053261410856;-0.2191252625145243;0.19682898465665968;0.08587837547058431;0.0;0.0;0.0;0.0;1.0;0.0;0.0;0.0;0.0;1.0
-0.29364816082986966;1.4459604368689294;-0.3703002749534816;0.589687310432362;-0.14525083598104474;0.10493074673595397;0.05179429781860403;-0.0019468820861843583;0.09920987688255041;-0.0842343565303948;0.0;0.0;0.0;0.0;1.0;0.0;0.0;1.0;0.0;0.0
0.2865679812881588;0.017555053295429134;-0.6726802410928796;-0.23507930299520222;-0.5351301920359969;-0.329278875052835;-0.41905417412941753;0.047856960750623095;0.13364507259341615;-0.22607884275188853;0.0;0.0;0.0;0.0;1.0;0.0;0.0;1.0;0.0;1.0
-0.10075961720270141;1.484870214352368;-0.29103255925608573;0.6659989718083564;0.1188086464904635;-0.1034973702965329;-0.033452397387208926;-0.028103721409898745;0.13175984516223782;0.20143997741768804;0.0;0.0;0.0;0.0;1.0;0.0;0.0;1.0;0.0;1.0
0.532933149483159;1.0517668449991664;0.6615031247787209;0.2441722458884052;0.4123339648479745;0.4825416269794042;0.16673439665667594;-0.5575949874946956;0.06192260006221208;0.6654241582378906;0.0;0.0;0.0;0.0;1.0;0.0;0.0;0.0;1.0;0.0
0.33044722926008974;-0.23965238509688502;-0.20836527194098597;-0.3547617355531179;0.1593221754329695;0.21092054910417185;-0.2769502223218361;0.03814736762294501;0.035341238126308065;0.2969012707580432;0.0;0.0;0.0;0.0;1.0;0.0;0.0;1.0;1.0;0.0
0.7092582219420199;0.45458703074924733;0.9145787694836944;-0.2967763213184462;-0.14013672753924397;-0.17419067729849488;0.30357979123616347;1.1520542895166748;-0.24844681727400625;-0.32246134877241955;0.0;0.0;0.0;0.0;1.0;0.0;0.0;0.0;0.0;1.0
0.4775538604262893;1.557587560136838;-0.05748745843199097;0.41403104440528277;0.15459513915421558;-0.1449398314865422;-0.1697840015887303;-0.7932520628734915;-0.051855421829917404;0.12017593512081667;0.0;0.0;0.0;0.0;1.0;0.0;0.0;1.0;0.0;1.0
-0.8541710211551939;-0.5215147688017966;0.19728350460322636;0.025230048884530783;-0.0013370688132076842;0.22111311827348318;-0.1960089362564108;-0.010265470048821638;-0.38906163831610363;0.4146234740811759;0.0;0.0;0.0;0.0;1.0;0.0;0.0;0.0;0.0;1.0
0.5250240913933507;-0.756851128711629;0.11108793283577406;-0.03474348762295989;-0.2418351397365643;0.27172246080578005;-0.16790245415439564;-0.022795294033884927;-0.12892696730827335;0.0633597196638354;0.0;0.0;0.0;1.0;0.0;0.0;0.0;1.0;0.0;1.0
-0.04884127415274832;0.09613781015946901;-0.49623661497999827;-0.6264012612039722;-0.2726297972350017;-0.38823422268161745;-0.04182531319944522;-0.0667051724516809;0.0850132958156305;-0.06579412880491588;0.0;0.0;0.0;1.0;0.0;0.0;0.0;1.0;0.0;1.0
-0.8387665521639195;0.1728930519174792;-0.6795156342799913;0.15560027265323548;-0.15941306822982196;0.0005423934289478695;0.16241016076030207;-0.00116435975747226;-0.2224012726161444;-0.17238933785647773;0.0;0.0;0.0;1.0;0.0;0.0;0.0;1.0;0.0;1.0
-0.441354032293364;-0.2662605125159176;-0.19182612666260065;-0.38826756729443335;-0.4186527068020879;-0.10299886420418207;-0.08566566291163792;-0.03255856738368203;-0.10742909396230223;-0.04349211274940076;0.0;0.0;0.0;1.0;0.0;0.0;0.0;1.0;0.0;0.0
0.6732064394959478;-0.330318031010986;0.047809659551027076;-0.2991687601903246;-0.05732709194958842;-0.25477974651048574;0.2731342555786503;0.12916358558017163;0.2724719416127742;0.5550170271245927;0.0;0.0;0.0;1.0;0.0;0.0;0.0;0.0;0.0;0.0
0.5459925301277826;-0.31063383839511904;-0.2575746429495329;-0.2723383241547132;0.1729659787520193;0.32528428447662444;-0.12468295354308077;-0.04423247726938809;-0.016775865013697804;0.15969002399401996;0.0;0.0;0.0;1.0;0.0;0.0;0.0;1.0;0.0;0.0
-0.6577565856921995;0.7703116283399148;-0.17511224127757036;-0.35437145193583963;0.13246979453560637;0.14296983949476402;0.20305102168369493;-0.1268597030022958;0.023888340602340307;0.0475472488127503;0.0;0.0;0.0;1.0;0.0;0.0;0.0;1.0;0.0;0.0
-0.051764396999952146;-0.1590902362942622;-0.3510182150196868;-0.5083269233037028;-0.20675167539469963;0.20980424859094174;0.09459006638417532;0.04317871895401865;0.09532254032934816;-0.2015559594324503;0.0;0.0;0.0;1.0;0.0;0.0;0.0;1.0;1.0;0.0
1.381133967498117;-0.7196675781697608;0.08112937635015499;-0.206544154943865;-0.16415344785148897;0.07123686914722709;-0.3139963122578721;0.0472809892719936;0.20332261950369362;-0.007670702238713765;0.0;0.0;0.0;1.0;0.0;0.0;0.0;1.0;1.0;0.0
-0.6036419046091334;1.0782539203800388;0.13111248626013836;0.0780950416190228;-0.039048453314381865;0.2105557393379054;-0.5138173871446591;-0.005582191194187978;0.24957872350716434;-0.3086660834345845;0.0;0.0;0.0;1.0;0.0;0.0;0.0;1.0;1.0;0.0
-0.7952965166558965;-0.5004219849105854;0.15721590891004017;0.2604120837949479;0.09143841064561024;0.3859980514969396;0.5874228731176776;-0.014977106412529993;-0.39887703835605975;0.40586856971856644;0.0;0.0;1.0;0.0;0.0;0.0;0.0;0.0;0.0;0.0
-0.00011348198498154382;-0.9595760645504011;0.6163147080422688;0.31540116340055613;-0.3628327814665993;0.09093100893170535;0.3853517720460968;0.2469033608577886;-0.023151827741337956;0.329510084843364;0.0;0.0;1.0;0.0;0.0;0.0;0.0;0.0;0.0;0.0
-1.2307635578310536;-0.6900983314327834;0.5347852095411544;0.11754080804189236;0.5317707546127168;-0.0253239371793088;-0.32051264324964795;-0.08296534367014263;0.12768738241149408;-0.026481535194678565;0.0;0.0;1.0;0.0;0.0;0.0;0.0;0.0;0.0;0.0
-0.9023473032702873;0.6121777042025375;0.07462029279574006;-0.5415827981764697;-0.09671950575477932;0.342980641615491;-0.3077339727073412;0.1944307554001298;0.08069945986077387;0.2306801956182602;0.0;0.0;1.0;0.0;0.0;0.0;0.0;1.0;0.0;0.0
0.7103613753885758;-0.2590807205890489;-0.17616106148441604;-0.2600627454363144;0.25685655382301203;-0.028950335124539102;0.008922006919175517;-0.07087428982796282;0.07915277528665376;0.22364423583448495;0.0;0.0;1.0;0.0;0.0;0.0;0.0;1.0;0.0;0.0
-0.27239447026529545;-0.07126333127796591;-0.15277382854149107;-0.2647816294212731;0.4210730583859373;0.4513275345536697;0.22227630113038382;0.19747403186425525;0.049229062506803284;0.4740487788125826;0.0;0.0;1.0;0.0;0.0;0.0;0.0;0.0;0.0;1.0
-0.1752620130802111;-0.7442726882377315;0.14617931235578546;0.10499551468529646;-0.3969284354551007;0.14162252348379553;0.10490928109519122;-0.13691726635129672;-0.4072255607225269;0.005767408689439259;0.0;0.0;1.0;0.0;0.0;0.0;0.0;0.0;0.0;1.0
-1.3989121468470738;-0.4328584386247971;0.19226263853344092;0.4904534671192731;0.3786956986221084;-0.11551828014488523;-0.04246459249052169;0.03902264998317382;0.21695931190110165;-0.22868341274914952;0.0;0.0;1.0;0.0;0.0;0.0;0.0;0.0;0.0;1.0
-0.37341722360520396;-0.5532623086335154;0.00395188510877849;0.9988079771366299;-0.12363302400848131;0.42369810260075036;-0.3755780976755106;0.43252784345401235;-0.16730687235789565;0.3876791322534528;0.0;0.0;1.0;0.0;0.0;0.0;0.0;0.0;1.0;0.0
1.069985708245942;0.00665916217949269;0.38904833434984826;0.014063397795375547;0.10329600687983499;0.12466427582116767;0.3005506524073615;-0.101677952437345;0.27567951903483295;0.05571485125208034;0.0;0.0;1.0;0.0;0.0;0.0;0.0;1.0;0.0;1.0
0.9218821612836415;-0.02287382090441886;-0.42393680266082884;-0.004346860366755629;0.011630611246667729;-0.658573546197075;-0.1755277114198578;-3.9496481967694476e-05;0.2489036973727827;0.3547156909689534;0.0;0.0;1.0;0.0;0.0;0.0;0.0;1.0;0.0;1.0
2.036524464305173;0.33558446604268677;0.7491574558568616;0.04499204936631434;0.2611643002126653;-0.44146951077615265;0.3323556098613149;0.5898628172063926;-0.5860887668418555;-0.3685086146900928;0.0;0.0;1.0;0.0;0.0;0.0;0.0;0.0;0.0;1.0
0.22653063976857088;0.04286925104819664;-0.6301392185534187;-0.3061397183311442;0.12399302059090414;0.07888986613284471;0.2462999714966953;-0.28051010821622946;-0.21561719537319518;-0.17897114785251253;0.0;0.0;1.0;0.0;0.0;0.0;0.0;1.0;0.0;1.0
0.5195810136755995;-0.052231297846554614;-0.3592071136355662;-0.3985428897109949;-0.5133059167295352;-0.16849526920712934;0.2514397200581601;-0.27686409929812056;0.1444213076298055;-0.2584086191238902;0.0;0.0;1.0;0.0;0.0;0.0;0.0;1.0;0.0;0.0
0.37199359468909443;-0.1331466595347336;-0.4336547258244857;-0.19347948688760105;0.22884357930863827;0.27499883896642235;-0.08881230889568142;-0.14642979992770544;-0.18384745192129973;-0.17491197093966349;0.0;0.0;1.0;0.0;0.0;0.0;0.0;1.0;0.0;0.0
1.17371893125667;-0.06330335359436931;-0.7110766890090504;0.6121942966945924;0.07529015579420001;-0.14113882146016;-0.15189206399213212;0.06702305074276234;0.15007504545974457;-0.06608696686218825;0.0;0.0;1.0;0.0;0.0;0.0;0.0;1.0;0.0;0.0
-1.5312970531806789;-0.37395119931961207;0.2223610515924494;0.09272023055947586;0.3732582848643063;-0.32617191876496887;0.26932759749707774;-0.23782826409949837;0.059313885052261844;-0.35252628044632095;0.0;0.0;1.0;0.0;0.0;0.0;0.0;0.0;0.0;0.0
2.2071240687974734;0.2925867274031815;0.6469045745766022;0.10660832434030716;0.21657581193962067;-0.40642443720750465;0.35142983003977674;0.44549979137061024;-0.6177662538818367;-0.5722362006784121;0.0;0.0;1.0;0.0;0.0;0.0;0.0;0.0;0.0;0.0
2.089181331653108;0.15794246758171693;0.15116206001077795;0.7291653965405308;0.04180926152663422;-0.34263158474298405;-0.6383372707935884;0.6673880581551637;-0.11014357955452037;-0.2594753075229264;0.0;0.0;1.0;0.0;0.0;0.0;0.0;0.0;0.0;0.0
-0.7329858378909648;-0.12850742599365184;-0.32483402966640673;-0.21439917781268128;-0.03568156460623265;0.27995366298420593;-0.05074555802990697;-0.053543951253825675;-0.30020414180810967;0.041695738927167214;0.0;0.0;1.0;0.0;0.0;0.0;0.0;1.0;0.0;0.0
-0.5245101868291882;-0.16871585705146835;0.040584768563532006;-0.39923537574998036;-0.25577791477831446;-0.513332286352544;-0.09261960133909025;0.1408679539101952;0.11959549038969611;0.4830126875261102;0.0;0.0;1.0;0.0;0.0;0.0;0.0;0.0;0.0;0.0
0.10345511362110951;-0.8636667356612321;0.16449649068850955;0.12530471766493284;-0.44203622992342634;0.14004585855741689;0.00724769340387574;-0.18189185904031221;-0.3643237160734713;-0.2233713056645482;0.0;0.0;1.0;0.0;0.0;0.0;0.0;1.0;0.0;0.0
-1.0292127899992287;-0.0837651476711132;-0.07898232388815203;-0.42350677614297005;0.5419830713295553;0.08645085162248009;-0.23507235221482553;0.06869738790987967;0.47119052002424544;-0.3239277722719519;0.0;0.0;1.0;0.0;0.0;0.0;0.0;1.0;0.0;1.0
1.9692398908601123;0.32570435974432255;0.6217714890029371;0.07156353932831429;0.283944771086174;-0.22030221895477134;0.22929996257580132;0.4951612485801841;-0.6490791321931487;-0.5770356181179517;0.0;0.0;1.0;0.0;0.0;0.0;0.0;1.0;0.0;1.0
0.8230702931292542;0.0384078412785628;0.6923050627628651;-0.1507806262058476;-0.31183284124105876;0.07558977311264113;0.5383134736925566;0.8722052595693136;-0.09533089715332158;-0.37585252449987944;0.0;0.0;1.0;0.0;0.0;0.0;0.0;0.0;0.0;0.0
1.7969733187679875;-0.6191773176454253;0.1433291633481742;0.017202613916443524;0.20292250709799847;-0.2619364482853762;0.16234814350338683;-0.0508113917745385;0.136813961184521;0.15567348761552777;0.0;0.0;1.0;0.0;0.0;0.0;0.0;0.0;0.0;0.0
-0.7183281697374738;-0.25614258380397786;-0.25811532179780555;0.36117272067953315;-0.4776950622056727;-0.2007282899596624;0.40476050893875776;-0.030000102192712288;-0.3011834604286558;-0.0011969614065265434;0.0;0.0;1.0;0.0;0.0;0.0;0.0;0.0;0.0;0.0
0.42600108122917474;0.24234399818978541;0.44449651680744146;0.037102237365468166;0.08806643783592973;0.7925525124709627;0.22938091076837078;0.19663263325479763;-0.18418740355528054;0.0039640450001724925;0.0;0.0;1.0;0.0;0.0;0.0;0.0;0.0;0.0;0.0
-1.3735882140352986;-0.47404784817397155;0.2618468615095579;-0.031816402872800166;0.2177153965557218;-0.39689831817348564;-0.21117327686439225;-0.2137259683519505;0.09610723500405013;-0.3228446185315444;0.0;0.0;1.0;0.0;0.0;0.0;0.0;1.0;0.0;0.0
1.5133095722229992;-0.5774372130454591;0.07117034748889726;-0.021581301376675344;0.059620521014993766;-0.2215171783283451;0.12359738520918424;-0.006020330265940695;0.248579470567229;0.10155787430098412;0.0;0.0;1.0;0.0;0.0;0.0;0.0;0.0;0.0;0.0
1.8313834444544934;0.04262249040114447;0.52359254030076;-0.01283047437412571;0.03634718529942003;-0.1586312106970346;0.18282155830829971;0.38606755006092314;-0.32286729785752755;-0.46399673876304315;0.0;0.0;1.0;0.0;0.0;0.0;0.0;1.0;0.0;0.0
-1.159546811721587;-0.6677550856193193;0.45023452820295307;0.029335099398193832;0.18004638399473677;-0.2590079442121247;-0.0034792482205659846;-0.10804003003111634;0.20618798823219078;-0.219052777489789;0.0;0.0;1.0;0.0;0.0;0.0;0.0;0.0;0.0;0.0
0.8182607125516101;-0.6696959434969804;0.19609095266608095;-0.2551241298562443;-0.2804110639723357;0.20435910624145157;-0.2170914960989546;0.3341222853821315;0.3708504147090965;0.12749406808466557;0.0;0.0;1.0;0.0;0.0;0.0;0.0;1.0;0.0;1.0
-1.2814943227407298;0.22194208820472297;-0.01352452133202882;0.17704555386966855;0.04451049486310633;0.057415037368462846;-0.20097968376805583;-0.025571456926455283;0.37821291453436096;0.013518712447769463;0.0;0.0;1.0;0.0;0.0;0.0;0.0;1.0;0.0;1.0
0.22873331331589453;-0.4746896691309692;0.13788016603459702;-0.1676003342261166;0.34374065370827966;0.22941298234093896;0.2574664925271751;0.14934826662263337;0.4698932641126761;-0.20153010054809412;0.0;0.0;1.0;0.0;0.0;0.0;0.0;1.0;0.0;1.0
1.023799784195583;-0.38605328011004136;0.012753465431512375;-0.13364325582638897;-0.14519961136918139;0.1577503859045829;-0.05774004494420028;-0.10637791361256425;0.2238305991874615;-0.08873940509159817;0.0;0.0;1.0;0.0;0.0;0.0;0.0;1.0;0.0;1.0
0.6976622360660835;0.3437163157289562;-0.04644936540245058;-0.09627622403031205;0.4560310082067524;0.2668142867129412;-0.35205412956699966;-0.42802553210337635;-0.21958455977458582;0.2718449346219219;0.0;0.0;1.0;0.0;0.0;0.0;0.0;1.0;0.0;0.0
-0.5006978865500015;-0.27585655163716355;-0.1452106217920817;-0.27987247225128564;-0.12777163382759965;0.15271699793992433;-0.35768564150183935;0.007224309147193332;-0.21720145575200597;0.21541162570501432;0.0;0.0;1.0;0.0;0.0;0.0;0.0;1.0;0.0;0.0
-0.6389175136849564;-0.42039912718092853;-0.10962364711206538;-0.036589785855443424;-0.29474709170541696;-0.06773437022748627;-0.2290551072055366;-0.22697120420693928;-0.486338135812857;0.08003964001394229;0.0;0.0;1.0;0.0;0.0;0.0;0.0;1.0;0.0;0.0
0.6530383097832314;-0.5150157714769893;-0.12148683573745585;0.3918249072335029;-0.14403290445855582;-0.027677170396598862;-0.21365723609558773;0.056966414147488584;-0.041291734600329366;0.08319032240945107;0.0;0.0;1.0;0.0;0.0;0.0;0.0;1.0;0.0;0.0
1.6938927840389062;-0.32402414770376725;0.16163907625140814;-0.06295937171170903;0.2627774449582693;-0.37156250728173945;-0.14068122889073198;0.022699063855380723;-0.03566033401403621;0.18753215850245128;0.0;0.0;1.0;0.0;0.0;0.0;0.0;1.0;0.0;0.0
-1.158494047312499;-0.5428648012598647;0.27190440344875294;0.06668870088974892;0.18693386202222856;0.15257380674644297;-0.076170066268052;-0.044082316967439014;-0.1668196185480228;0.1424293881417944;0.0;0.0;1.0;0.0;0.0;0.0;0.0;0.0;0.0;0.0
-0.5350531112678865;0.10166669139116066;-0.5285158124217176;0.4025696414472611;-0.7005488328266499;-0.5586857235754442;0.24337602724935053;0.4346302176115748;0.36214558844182754;0.04001259218801098;0.0;0.0;1.0;0.0;0.0;0.0;0.0;1.0;0.0;0.0
1.6693946833002484;0.3890811984286586;0.6178484384883189;-0.06740738440541527;0.06238291440021445;-0.3772605117889057;0.1935295792748781;0.5503122525346079;-0.5038402298075271;-0.4574564919432273;0.0;0.0;1.0;0.0;0.0;0.0;0.0;1.0;0.0;0.0
0.08857544338874918;-0.4708051522520159;-0.10324483103478052;-0.22223262000173427;-0.313189327046116;0.013474485430904562;-0.19007966306177085;-0.09507586688270243;-0.1665868063600955;0.0789225432958831;0.0;0.0;1.0;0.0;0.0;0.0;0.0;1.0;0.0;0.0
0.4580415527764338;-0.1677769159834229;0.2149677654654893;-0.20645260666453114;0.42730057100278224;-0.27806409470222054;0.32602068652604405;0.3579844333787548;0.28635216364344834;0.9393688815288824;0.0;0.0;1.0;0.0;0.0;0.0;0.0;1.0;0.0;0.0
0.09902777285204255;-0.6524350132566139;0.45217191026548237;-0.028326315294362178;0.08020938636562187;0.17726200354554958;0.06811481130566319;0.3365093000603213;0.11900924981912878;0.4524107510573379;0.0;0.0;1.0;0.0;0.0;0.0;0.0;0.0;0.0;1.0
-0.7284192783117702;0.7494908072054606;-0.2841665110446501;-0.3365231887700692;-0.14551341696794523;0.30245042766262475;0.4478895445044499;-0.11881254978584901;-0.04694867864162064;-0.125538738366198;0.0;0.0;1.0;0.0;0.0;0.0;0.0;1.0;0.0;1.0
-0.275154484887541;-0.17924701980786;-0.09038868519352168;-0.5878433976287357;-0.15886718303440003;-0.36685343683255445;-0.36983279452689893;0.13212573635429203;0.47399192327040257;-0.05025620826248089;0.0;0.0;1.0;0.0;0.0;0.0;0.0;1.0;0.0;1.0
0.3315309263820705;-0.5742182149901914;-0.1088973676813326;0.5297616073738514;-0.20049846108196967;-0.2735128435838478;-0.28035893571257625;-0.18461694154196526;-0.3226020163191111;0.25443182154858573;0.0;0.0;1.0;0.0;0.0;0.0;0.0;1.0;0.0;1.0
0.6878835422719155;-0.5402177610412343;-0.20598482936130275;-0.15269264688350315;-0.015043542310142212;0.7213515470410977;-0.13161831097774396;0.008135463478735873;-0.09658189614639785;-0.3336678494327825;0.0;0.0;1.0;0.0;0.0;0.0;0.0;1.0;0.0;1.0
-0.029127722042163656;0.050569663710272834;-0.2312204357115025;-0.18309859383004173;0.7106361316758412;0.1674493054627737;0.07369205494979265;0.03716864059418223;-0.002719701325170412;0.590676537233728;0.0;0.0;1.0;0.0;0.0;0.0;0.0;1.0;0.0;0.0
1.2695026445405921;0.9941741684703452;0.33845286348984027;0.5064519471376034;0.061280700385597714;0.171114930629478;-0.47378927877661225;-0.6346408985778944;0.14130335461643043;0.2038695476654289;0.0;0.0;1.0;0.0;0.0;0.0;0.0;1.0;0.0;0.0
-1.4289285455445313;0.0976041679354481;0.4534775948700655;0.4197131314118371;0.07003770002209901;-0.16649401641044206;-0.510652986984827;-0.1284302486603774;0.1870125297021874;-0.21728291955309134;0.0;0.0;1.0;0.0;0.0;0.0;0.0;1.0;0.0;0.0
0.45813688788603574;-0.29832470042258813;1.52831590911245;0.43925909360036824;-0.3368675221949926;-0.015790103484274287;-0.12351129947935892;-0.10041625292697029;0.1868039728280257;0.11901919765167436;0.0;0.0;1.0;0.0;0.0;0.0;0.0;0.0;0.0;0.0
-0.9160620004879814;-0.04924589706032075;-0.08746731633192154;-0.30961818494082327;0.4772517600242;0.38546899952739244;0.39808156626052094;0.21389098214356742;0.3475245238920374;-0.05245114302397375;0.0;0.0;1.0;0.0;0.0;0.0;0.0;0.0;0.0;0.0
0.9092557136424807;0.0007940536698039217;-0.5750870004916478;0.8034486017969675;-0.07037643138742296;0.2931217163311038;0.17276056005073614;0.12402136783064142;0.28807049730499545;-0.2656210445653631;0.0;0.0;1.0;0.0;0.0;0.0;0.0;1.0;0.0;0.0
0.6229867879848079;0.44430837318446326;0.7310433581566459;-0.03399936809363272;-0.0676906427191596;0.6260161128698584;-0.09547485700189268;0.02116467380131055;0.09409064604786806;0.13510475248613052;0.0;0.0;1.0;0.0;0.0;0.0;0.0;0.0;0.0;0.0
0.985183855284795;-0.6949778756174532;0.00028488813089880304;-0.2619229845763681;-0.29129029658893163;0.37586253425275656;-0.30397659344540345;0.12069152906350855;0.15088069401493776;-0.20040585099445005;0.0;0.0;1.0;0.0;0.0;0.0;0.0;1.0;0.0;0.0
0.02949271112299302;-0.5486359430169109;0.23265277728526226;-0.43269527377647987;-0.04592724834100668;0.16360399606822862;-0.18730416283086312;0.28670084866293005;0.5265235941427446;-0.08220979931502327;0.0;0.0;1.0;0.0;0.0;0.0;0.0;0.0;0.0;0.0
-1.319091400804236;-0.5596766636298072;0.35713316718268584;0.2278676461950363;0.4995507476348376;-0.010157384691305059;0.4319411925363336;-0.17877338224733294;0.07938226281504286;-0.2751753320781614;0.0;0.0;0.0;0.0;1.0;0.0;0.0;1.0;1.0;0.0
1.2028611587588522;0.29025901677382615;0.6663457679344829;-0.1498513672489545;-0.21137189108149945;0.2569673436073386;-0.29813768421510245;0.1847743661353154;-0.13286905736577379;-0.1870151823817534;0.0;0.0;0.0;0.0;1.0;0.0;0.0;0.0;0.0;1.0
1.8315378254014298;0.23307881288835147;0.8759094791714261;0.015845937114691386;0.16171382150703678;-0.2414939726021515;0.09720502044170279;0.8222113878715448;-0.427013319875522;-0.3680619786953154;0.0;0.0;0.0;0.0;1.0;0.0;0.0;0.0;0.0;1.0
-0.20681542873259473;0.847633178718086;0.08111592690772335;-0.2971167158915307;0.1409655492476771;-0.006895430168891264;-0.057723293209770855;-0.00028372398582613865;-0.25066811067843825;0.21044011260001394;0.0;0.0;0.0;0.0;1.0;0.0;0.0;0.0;0.0;1.0
-1.0850137823429895;-0.09445630623934971;-0.14948976082217375;-0.22886164136375278;0.15595592059517296;-0.08366000407662502;0.10149391020555315;-0.10374051184157032;-0.05028073475769389;-0.13393402210794847;0.0;0.0;0.0;0.0;1.0;0.0;0.0;0.0;0.0;1.0
0.01626546070439071;-0.029881833733217088;-0.46125194829958244;-0.1841349104433927;-0.5633882829458404;-0.21166687731939426;0.0470727930819895;0.3364715736725626;0.4152274757884581;-0.16115479025443236;0.0;0.0;0.0;0.0;1.0;0.0;0.0;1.0;0.0;0.0
-0.019904170494337948;-0.47919229506365274;0.16936954302124219;-0.3198152122118816;-0.10161228590173817;0.11932602961577843;0.3394252857917087;0.2886011779729862;0.5647774849417483;-0.24888155112962743;0.0;0.0;0.0;0.0;1.0;0.0;0.0;0.0;1.0;0.0
0.6624216883141562;-0.3508236577371857;0.07559221104674951;-0.04799368035876077;0.568240167000753;-0.26363943089683983;0.43538544035597154;-0.07231553287586989;0.4442298227235358;0.003209974029001473;0.0;0.0;0.0;0.0;1.0;0.0;0.0;1.0;1.0;0.0
0.06213466126985014;0.3759226967792358;-0.004041613726428539;-0.3000619087917549;-0.02298080150952786;-0.5872285486642039;0.7025082500630284;-0.18977731779573967;0.49512374469376297;0.5031752675197627;0.0;0.0;0.0;0.0;1.0;0.0;0.0;0.0;1.0;0.0
-1.2607153756254716;0.7187809187040943;0.5190878772771186;0.5910128184048277;-0.2462402218584389;0.004265419532305341;0.08478822603397189;-0.21509553892822766;-0.08416604488524125;-0.1559528311825577;0.0;0.0;0.0;0.0;1.0;0.0;0.0;1.0;1.0;0.0
0.24293320464598606;0.42480101485887745;-0.11777129464010212;-0.4835721166019554;-0.2655179549926803;-0.0763937665401488;-0.4303556033001299;-0.271796246558278;0.017763096500071827;-0.06191382605113211;0.0;0.0;0.0;0.0;1.0;0.0;0.0;1.0;1.0;0.0
-0.21111357040778475;-0.016086563050394825;-0.5504657254970082;-0.46798629636419875;-0.07076169723609668;0.31709006780905385;-0.026480752881938196;-0.06658168243609508;-0.09722195746524076;-0.26788234053439186;0.0;0.0;0.0;0.0;1.0;0.0;0.0;1.0;1.0;0.0
-0.3063737722400024;-0.1439790082695716;-0.23112616433565925;-0.3002759041410853;0.27320078918451646;0.6609082354116984;0.02076061839406337;0.1845262700863355;-0.003207547016023058;0.22930516727445407;0.0;0.0;0.0;0.0;1.0;0.0;0.0;1.0;1.0;0.0
0.8174006357459246;-0.21110052418671063;-0.6067605019477184;0.6281561491526698;-0.2874430542427246;0.2884569015339385;0.3106681015532316;0.3063720050543365;0.23376829748482347;-0.2196111046080294;0.0;0.0;0.0;0.0;1.0;0.0;0.0;0.0;1.0;0.0
1.293063857334511;0.12707509881567922;0.09979892757633967;-0.0915545631748505;0.19511831846937341;-0.31534094530429124;0.1917313545394229;0.07349998550131173;-0.25647923486157675;-0.07535109068025773;0.0;0.0;0.0;0.0;1.0;0.0;0.0;1.0;0.0;1.0
-0.37109648267945095;0.6272976386167806;-0.9406574013470322;0.45816319011107626;0.32476396948065356;-0.2622072835180279;0.1944412730240716;0.2601535864856818;0.14944405487968393;0.29928757387955246;0.0;0.0;0.0;0.0;1.0;0.0;0.0;1.0;0.0;1.0
-0.8994237416342787;0.23729487164822702;-0.31798612243108737;-0.3444440661085462;0.49679572078413087;-0.1033894493801582;0.44469254967028454;0.022215674335134803;0.23269581941213102;-0.0017749761099734903;0.0;0.0;0.0;0.0;1.0;0.0;0.0;1.0;0.0;1.0
0.7351005134631897;0.03492666694020909;-0.44100591537130657;0.3969177805013622;0.0739098927789644;-0.4744527941672884;-0.5373984243248566;0.35080071054052026;0.39438521898782464;0.6207302392088655;0.0;0.0;0.0;0.0;1.0;0.0;0.0;0.0;0.0;1.0
1.0975646751870085;0.69063460502055;-0.21526472321871584;0.3769840998975056;0.7021154872872116;-0.13451486299106383;-0.22482531119715757;0.19761127729536185;-0.6713981975382084;-0.04578581165253107;0.0;0.0;0.0;0.0;1.0;0.0;0.0;1.0;0.0;1.0
-0.3737416383036264;-0.14396554140562753;-0.3935033088965641;-0.350587108113934;-0.3363352489404016;-0.19886119283132053;-0.3058108489994006;-0.20594070745319304;-0.278860210246583;-0.12210708604487051;0.0;0.0;0.0;0.0;1.0;0.0;0.0;1.0;0.0;1.0
1.0870354417327297;-0.5225346273681308;0.13964923093874018;-0.12938405217144738;0.5185644574870575;-0.2782242997984454;-0.24007675321886385;-0.10756311148309172;0.3153011982468956;0.013220776049573812;0.0;0.0;0.0;0.0;1.0;0.0;0.0;1.0;0.0;1.0
-0.13342036176636884;0.4770133306825938;-0.5104989651902015;-0.3658573625900596;-0.013548001707253295;-0.06596824593043792;-0.06573019402037719;-0.4989985133462933;-0.030050674247842676;-0.0355352781404183;0.0;0.0;0.0;0.0;1.0;0.0;0.0;1.0;0.0;0.0
1.776757510467357;-0.17253479741731545;0.20222742495486432;0.12330780043136785;0.21626482149369564;-0.30089030632855523;0.2844578998254266;-0.15204708018352564;0.02550813650639755;0.040809572711208504;0.0;0.0;0.0;0.0;1.0;0.0;0.0;1.0;0.0;0.0
0.6214547179773443;0.35286921524602016;0.25587600036417635;-0.10755622436244996;0.22103667659821866;0.5786151079535706;-0.5350034676578262;-0.034038893930709295;-0.30428347716224036;-0.07999623694755835;0.0;0.0;0.0;0.0;1.0;0.0;0.0;1.0;0.0;1.0
0.19023351068673455;-0.14485814043493409;-0.28352400250889487;-0.4129039617148601;0.007702302816069197;0.042522920932758466;0.05777972825534591;0.025154977833040253;0.11642066765826092;0.0987306805888023;0.0;0.0;0.0;0.0;1.0;0.0;0.0;1.0;1.0;0.0
-1.0874934697639491;0.0788066767638425;-0.22136411035949818;-0.32757302845154435;0.5101634131316962;-0.07446684583480812;0.4338071051692029;-0.04110388442700469;0.4168833077106644;-0.4604862196816824;0.0;0.0;0.0;0.0;1.0;0.0;0.0;0.0;1.0;0.0
-0.0034309652738368493;1.0265569998096844;0.17836772086416222;-0.3329243584917709;-0.3178121355735547;-0.13008439160730212;0.028763756554737504;-0.3020699495549975;0.08206265315793218;-0.10446145507385798;0.0;0.0;0.0;0.0;1.0;0.0;0.0;1.0;0.0;1.0
-0.24590739216952498;1.437193431788424;-0.22346335726019897;0.4520911040326305;0.3592070498506031;-0.3102217235851147;-0.041698664378632025;0.913038321617629;-0.36390529856533754;-0.061777130207999395;0.0;0.0;0.0;0.0;1.0;0.0;0.0;1.0;1.0;0.0
0.4551053790653105;0.9862356407584005;0.23240729204237287;-0.3028394601127168;-0.4510720455506778;-0.5201830678926921;0.07853148008622617;-0.331078213173096;0.10695791577588928;-0.07038643100577688;0.0;0.0;0.0;0.0;1.0;0.0;0.0;1.0;1.0;0.0
0.5190931746577231;0.28944279184787736;-0.12288767352709504;-0.14322755562897704;0.17857648745684304;0.5076795270786206;-0.14468670837120565;-0.39036378073552574;-0.23413121293798814;-0.03166056822424179;0.0;1.0;0.0;0.0;0.0;0.0;0.0;1.0;0.0;1.0
0.2894648003091018;-0.23487674105288472;-0.31382106336986854;-0.20737427742784828;0.3471533309143626;0.5875284500888557;-0.039141896372995914;-0.04396120829037083;-0.1510384787048323;0.08480884113233762;0.0;1.0;0.0;0.0;0.0;0.0;0.0;1.0;0.0;1.0
-0.8853163322773678;-0.01377300690323764;-0.3877296064911589;0.03854610688349997;-0.15090707557972802;0.16867847816485748;-0.44988662564134285;0.23738769762779716;-0.13047965879051324;0.2330853601802443;0.0;1.0;0.0;0.0;0.0;0.0;0.0;1.0;0.0;1.0
-0.8856257779378324;0.7263544952163754;0.26179015507718356;-0.4238896836659723;0.17235687297732338;0.16094736451566813;-0.2077083222735418;0.13763286141708325;0.10406196901890621;-0.26387955178729744;0.0;1.0;0.0;0.0;0.0;0.0;0.0;1.0;0.0;0.0
-0.6696314686997911;0.8095257706261695;-0.46240281324041954;-0.05009932156677446;-0.04391397514892104;0.10983604272937073;0.23579441660372524;0.5067322607172282;-0.23179312964654836;-0.3124221005022414;0.0;1.0;0.0;0.0;0.0;0.0;0.0;1.0;0.0;0.0
-0.960823844036984;-0.8969941368132813;0.7271793298528199;0.11761758953605139;0.40308280178724654;-0.007378963400770352;-0.2523209083789354;0.030908447581305617;0.3010790612091924;0.047816583752383915;0.0;1.0;0.0;0.0;0.0;0.0;0.0;0.0;0.0;0.0
-1.2393036453505413;0.4668609113342323;0.4566566891451117;0.0704584814281135;-0.21467747896558284;0.01206350852330053;0.25279968138986336;-0.028202736135773687;-0.4979360373621072;0.028249232639919387;0.0;1.0;0.0;0.0;0.0;0.0;0.0;0.0;0.0;0.0
-0.3075142607948131;-0.0020755554014362343;-0.4152256887010907;-0.5499487587092888;-0.333835934025268;0.03357787713322259;0.22603148730159878;0.10675129797168793;0.11658529806400322;-0.08150117579594576;0.0;1.0;0.0;0.0;0.0;0.0;0.0;1.0;0.0;0.0
0.4979926615821423;-0.13871860499538485;-0.3917315756161642;-0.2131467806072648;0.3145274502682888;0.16713919579452916;-0.08153643921185029;-0.1876918938507989;-0.15969509221340758;0.1561500975657222;0.0;1.0;0.0;0.0;0.0;0.0;0.0;1.0;0.0;0.0
-0.3709166941665059;1.2960120010019096;0.4347935573319457;-0.3607418644477177;0.12703994718106493;0.03136727706223877;-0.22221250172428425;0.4120758665714046;-0.46772301602677824;0.057402808086203266;0.0;1.0;0.0;0.0;0.0;0.0;0.0;0.0;1.0;0.0
0.6183179939736535;1.0868253658769431;-0.39548526429658837;0.5153955990205532;0.10892515528315931;-0.5816284915435904;-0.336141291680854;0.09815277534186466;-0.059324580066029094;0.06257167535657175;0.0;1.0;0.0;0.0;0.0;0.0;0.0;1.0;1.0;0.0
0.15385257144264014;0.8695662550486282;0.911355401082379;0.01990217410979825;0.2028477217998824;0.21925063053120755;0.2920186686940249;-0.03783268871899602;0.5093593492932518;0.493425696981915;0.0;1.0;0.0;0.0;0.0;0.0;0.0;0.0;1.0;0.0
1.1816741715814234;-0.22830267649223532;-0.16709194962517557;-0.07211376044123179;0.17426190262988012;0.023830127345579835;-0.08647461034683918;-0.35465224637313947;0.039196994051351026;-0.03078753332483004;0.0;1.0;0.0;0.0;0.0;0.0;0.0;1.0;1.0;0.0
-0.49520087314765987;1.0485604850842307;0.19194510690449443;-0.4505975509914881;0.0561886762197794;0.06575502085061764;-0.09328957383686494;0.7546019243847363;-0.6350696513488651;-0.2894227042419735;0.0;1.0;0.0;0.0;0.0;0.0;0.0;1.0;0.0;1.0
1.115844672735794;0.7806357141259197;0.2807449373160569;0.3046983616878529;-0.16541545807236166;-0.2645037109105801;-0.10289120609214417;-0.20020002860028932;0.2671256038052109;0.2617420128005146;0.0;1.0;0.0;0.0;0.0;0.0;0.0;1.0;0.0;1.0
0.1715648195125601;-0.2927083327114462;-0.3059629175174946;-0.33305663982152783;0.07149688488936447;0.5961026729996707;-0.055456398426661155;0.0018601629497520006;-0.08023413751503523;-0.05041841707986301;0.0;1.0;0.0;0.0;0.0;0.0;0.0;1.0;0.0;1.0
0.7302128089547725;-0.4997284920634465;0.07631113861557323;-0.35171009348171395;-0.2666210096713525;-0.04006426830760843;-0.18914226429105246;0.2285043987542343;0.30998852714800657;-0.0061330939427841355;0.0;1.0;0.0;0.0;0.0;0.0;0.0;0.0;0.0;1.0
0.15923264461537043;-0.15063858833122265;-0.36645321402577663;-0.5646846414245819;-0.3010713765253632;-0.07264029864648182;-0.3898294814116751;-0.02102560214156018;0.024094027593645484;-0.02451769479617732;0.0;0.0;0.0;0.0;0.0;0.0;1.0;1.0;0.0;1.0
-0.35702531246399316;0.44891249166226566;0.9478922049524102;-0.11937213966643097;0.5941140409921235;0.1824550182187042;0.4829309033344833;0.8915054723525493;0.11844546671204043;-0.639342409338914;0.0;0.0;0.0;0.0;0.0;0.0;1.0;0.0;0.0;0.0
-1.1081754240621526;0.031450597914447466;-0.256295790215279;0.21757894607827283;0.09453980841624637;0.22639630070616465;0.42374543686204746;0.3241629263277612;0.07305434506367593;0.14213000977031648;0.0;0.0;0.0;0.0;0.0;0.0;1.0;1.0;0.0;0.0
0.07603748538034931;-0.5859955816821271;0.12167404124159592;-0.10007628694687624;-0.29383227996989153;0.08497674188745151;0.1943459585539772;0.11515774849415643;0.09261639506316051;0.007615187230717575;0.0;0.0;0.0;0.0;0.0;0.0;1.0;1.0;0.0;0.0
-0.7324797091849276;0.1680731942964192;-0.45499275611877416;0.709382924219136;0.27206397926692705;-0.36847684347537;0.06138634902694766;0.21319159407743923;0.20623476876349237;0.18846131753188639;0.0;0.0;0.0;0.0;0.0;0.0;1.0;0.0;0.0;0.0
0.8110092984684808;-0.17846016352149183;-0.46574975856863476;0.19637658869051747;-0.08071860085932996;-0.02644571670530918;0.060619631893172654;0.07126560891749577;0.13077394697791034;-0.15054148836087597;0.0;0.0;0.0;0.0;0.0;0.0;1.0;1.0;0.0;0.0
0.05650346173393635;0.373158309551194;0.6788234656821375;-0.2924370756718947;-0.31355812942636546;0.024804669480903926;-0.3939839186091674;0.7596251066628696;-0.6997849852999284;-0.28231395114392116;0.0;0.0;0.0;0.0;0.0;0.0;1.0;1.0;0.0;0.0
0.2404652438562927;0.01970421205534025;-0.4767830878861069;-0.15281905533541898;-0.155529283526901;-0.2538521830976783;-0.47068778325063915;0.16028440090940058;0.1720426795478408;0.2193429419163594;0.0;0.0;0.0;0.0;0.0;0.0;1.0;0.0;1.0;0.0
0.4141644635614168;-0.19428477193333077;-0.311532221316112;-0.3463124012648016;0.19542807811666432;0.14044265101100736;-0.2574866027029142;-0.09719759061820211;-0.03588411513259037;0.11565454609142971;0.0;0.0;0.0;0.0;0.0;0.0;1.0;1.0;1.0;0.0
1.0831325645630083;0.8136887462053787;0.1434498681623896;0.7867591264342204;-0.1893747920891208;-0.012506687351048698;-0.07629005603962977;0.051313556268940505;0.3869248689006977;-0.05210674238707529;0.0;0.0;0.0;0.0;0.0;0.0;1.0;1.0;0.0;0.0
-0.23011566581891793;0.23893626544505803;-0.8679467368651048;-0.15103077027212639;-0.10990208952961081;0.0850444562469848;-0.5228647074052694;-0.017257051423725203;-0.14668366129402594;-0.23016703743855235;0.0;0.0;0.0;0.0;0.0;0.0;1.0;1.0;0.0;0.0
1.518858326796979;0.3587181504534472;0.758968077429047;0.12894984642495788;-0.13946692424845672;0.03294775814583886;0.34071034331861444;-0.2047003463225924;0.17384747347981205;0.050567399220512656;0.0;0.0;0.0;0.0;0.0;0.0;1.0;0.0;0.0;1.0
0.041673942114929675;0.40367534708031544;-0.3646220743599769;-0.4685984663620735;0.2288431555723651;-0.1392227729439396;-0.4720340817300098;-0.01606099303193555;-0.41824793770463997;-0.06996354108663085;0.0;1.0;0.0;0.0;0.0;0.0;0.0;1.0;1.0;0.0
0.5148120964164762;0.9511088971940705;0.3382423989115802;-0.5190209345869631;0.05618057414751412;-0.7639610146754721;-0.3242708942743228;0.579228063217312;-0.5352122520269971;-0.1359967502029728;0.0;1.0;0.0;0.0;0.0;0.0;0.0;0.0;1.0;0.0
-0.5228565404319203;0.792666941212735;0.06898431981824296;-0.3263971973431922;-0.03913736242940649;0.3286291487600117;0.05013302149721636;0.15344513422846295;-0.17908589906323305;0.028281684626429108;0.0;1.0;0.0;0.0;0.0;0.0;0.0;1.0;1.0;0.0
-1.5007573490919213;-0.14286618866405876;-0.06437129237240428;0.43235731764975827;0.13886397613773424;-0.24438997734631496;0.35171100735259936;0.04161722576415528;0.029517884854593758;-0.15958455908257688;0.0;1.0;0.0;0.0;0.0;0.0;0.0;1.0;0.0;0.0
-0.9242988048015235;-0.6786809095092949;0.4191401627510932;-0.03381872645227844;-0.1183130485609071;-0.1281903566611109;0.03442174752725869;0.036250207993537294;0.08233253863057624;0.08569809757795621;0.0;1.0;0.0;0.0;0.0;0.0;0.0;0.0;0.0;0.0
-0.16120112975324727;-0.09960302734048707;-0.35739360552974525;-0.02451063786239911;-0.09211191947226878;0.3972853879857523;-0.04132920449221924;0.4189434148863874;0.27718559938049875;0.1678691535141478;0.0;1.0;0.0;0.0;0.0;0.0;0.0;1.0;0.0;0.0
-0.5771778215014993;-0.07344796055983738;-0.3624379182823353;0.01702452933113446;-0.31039754745605436;-0.08338956020679607;-0.41026378588456747;0.14865396011159665;-0.13376872824627267;0.2053996348549042;0.0;1.0;0.0;0.0;0.0;0.0;0.0;0.0;0.0;0.0
-1.1474337072273573;-0.2905333205448069;-0.016105910735424427;0.08864233426552551;0.07143302030225267;-0.25803987160926145;0.18062418195681543;-0.2626268286040228;-0.2859407783165611;-0.049016281513786474;0.0;1.0;0.0;0.0;0.0;0.0;0.0;1.0;0.0;0.0
1.3394451949361939;0.18604780657098335;0.320304048240514;-0.13177016018120785;0.2581543705479193;-0.14044394384258094;-0.38616910341899985;0.06986086142463377;-0.3036219640896568;0.004459024931853506;0.0;1.0;0.0;0.0;0.0;0.0;0.0;0.0;0.0;0.0
1.1433566447208348;0.03679086665782245;-0.6839870919122804;0.6473888831764696;0.009195837111956713;-0.4496969864853483;0.20740547235842788;0.0919600938113237;0.24857076157805724;0.03136061940507515;0.0;1.0;0.0;0.0;0.0;0.0;0.0;1.0;1.0;0.0
-0.17885557157866158;1.6635817595964884;-0.17063582410011596;0.7173010161840544;-0.22202955935451832;0.16590760393850498;0.021272792659715076;-0.2836759483891015;0.24505144232724746;0.036316064349742064;0.0;1.0;0.0;0.0;0.0;0.0;0.0;1.0;1.0;0.0
-0.6772730751697439;-0.13897431492021114;-0.005157458538703128;0.20125203637001512;0.08711388455160017;-0.0327404742609421;0.1192842761543719;-0.39010871028343685;-0.45157571947156927;0.36749222617902855;0.0;1.0;0.0;0.0;0.0;0.0;0.0;1.0;1.0;0.0
-0.8809874043062141;0.4099872104606366;0.07555682514347825;-0.30988284810939276;-0.06372181955856293;0.01027985323341799;-0.09289259784784001;0.3501839781863415;-0.5595744736242203;-0.0923932900838457;0.0;1.0;0.0;0.0;0.0;0.0;0.0;1.0;0.0;1.0
0.30126105463171976;-0.15734962635403144;-0.3448282915574421;-0.4740687729495583;-0.43697307627030607;-0.2254894820028662;0.2790090741422239;-0.0036149143507374602;0.16313211774149525;-0.09321876184448917;0.0;1.0;0.0;0.0;0.0;0.0;0.0;1.0;0.0;1.0
-0.29820040449255725;0.022019679238186443;-0.7721767566216036;0.6691014676062099;-0.27068271198591387;0.1601712602340571;-0.09466096822610354;0.1581402184994169;-0.1463225482379582;-0.31188580434102864;0.0;0.0;0.0;1.0;0.0;0.0;0.0;1.0;0.0;0.0
-0.07773073290335775;0.6195151525127354;0.252166788418559;0.6035522749322482;-0.13911539867685616;-0.2993151951208043;-0.07238196900969726;0.9846216131630037;-0.21250050914343463;0.2347646870177601;0.0;0.0;0.0;1.0;0.0;0.0;0.0;1.0;0.0;0.0
0.734114055392873;-0.37128473045217847;0.11284520348469733;-0.11203486050868315;0.27994544402497623;-0.022993459276367874;0.3084735475794283;0.1950415558563713;0.32830327362522915;0.415739230906003;0.0;0.0;0.0;1.0;0.0;0.0;0.0;1.0;0.0;0.0
0.3645474975669803;-1.078657881379181;0.37349296323611175;0.22853109302310398;-0.4188985875591574;0.3029770645699976;-0.21678913031595975;-0.04475188955300876;-0.3012272402326685;-0.12260203575371185;0.0;0.0;0.0;1.0;0.0;0.0;0.0;1.0;1.0;0.0
-0.055752863351367365;-0.6277591410855304;-0.03324284452003863;0.2689514217752488;-0.904040946451158;-0.4386726733059814;-0.31627057865226543;0.07702455922035566;-0.053156744725040776;-0.33001851524755477;0.0;0.0;0.0;1.0;0.0;0.0;0.0;1.0;0.0;0.0
1.6906087436084705;-0.15417024611618624;0.27830466763147066;-0.029858146347247084;0.04999460417170796;-0.17500312388361616;0.18793465509557714;0.15162592762384822;-0.16300025974575943;-0.22530825805676655;0.0;0.0;0.0;1.0;0.0;0.0;0.0;1.0;0.0;0.0
-0.6418483331987057;-0.07596027997021804;-0.45213021632784917;0.1324168696578514;-0.10928963113734978;0.2570352900380594;-0.21926435881400128;0.10769468625726229;-0.19335298352668953;0.01597646807506425;0.0;0.0;0.0;1.0;0.0;0.0;0.0;1.0;0.0;1.0
1.1617329246717965;-0.4055202409463191;-0.1479253871688514;-0.27759465433046593;0.11542366546287866;-0.1639042644956782;-0.35053356859488977;-0.15237928226141867;0.04499240973600885;0.14304938095124642;0.0;0.0;0.0;1.0;0.0;0.0;0.0;1.0;0.0;1.0
-0.300507376494296;-0.20006100546134298;-0.42970351411059865;0.27962749237656875;-0.15258282896436956;0.3080093695781292;-0.1564112109206794;0.08703065590827908;-0.2112590091820918;-0.12877677747905608;0.0;0.0;0.0;1.0;0.0;0.0;0.0;1.0;0.0;0.0
0.8549068655886721;1.1469444548982943;0.4269842440202116;-0.20344137851590657;-0.04374291444665701;-0.7244516377097004;0.19789696351483219;0.07100307822628919;-0.39089071963424826;-0.057188021909310834;0.0;0.0;0.0;1.0;0.0;0.0;0.0;0.0;1.0;0.0
-0.1386503789815228;0.2870083392879241;-0.6330071442919193;-0.21615465334017386;0.11484594919066868;-0.3416839569377535;-0.5479499755266344;0.1063048011743981;0.13828746320878557;0.19072562831219533;0.0;0.0;0.0;1.0;0.0;0.0;0.0;1.0;1.0;0.0
-1.1904673969449469;-0.6654714122943176;0.47780644379168147;0.1533661225512759;0.4992351790387708;-0.030567479010176042;-0.1774389504221348;-0.11849363622513273;0.08440212269650482;-0.044647546791841096;0.0;0.0;0.0;1.0;0.0;0.0;0.0;0.0;1.0;0.0
1.530945692165257;-0.5314332627451905;-0.16087862364426053;0.31085504549194626;0.06747937673905915;0.027520379152606984;-0.35764285922413636;0.13265462753987048;0.249524928476966;-0.003934705809752732;0.0;0.0;0.0;1.0;0.0;0.0;0.0;1.0;0.0;1.0
-0.3909072683168552;-0.12547111754275542;0.7897946225139846;-0.09325766376626482;0.7608194364485632;0.5444728962444878;-0.03998034393588098;0.7357789585525707;0.29296840902917126;-0.5307991615060792;0.0;0.0;0.0;1.0;0.0;0.0;0.0;0.0;0.0;1.0
0.7999226569581606;-0.2716477981840924;-0.22863871726002424;-0.2093751456967167;0.15040985491719913;-0.04354224578498337;0.0258010491383689;-0.07625400869977243;0.06785507402158712;0.013859238888538511;0.0;0.0;0.0;1.0;0.0;0.0;0.0;1.0;0.0;1.0
-0.2731680794946585;-0.5092145113001122;-0.002333495898633207;-0.1270323975403031;-0.6413682967801411;-0.5433181625406177;-0.11340918486921621;-0.23807523714017922;-0.322912862280172;0.08362610420271846;0.0;0.0;0.0;1.0;0.0;0.0;0.0;1.0;0.0;1.0
-0.7885528853749554;-0.7080276327401512;0.40541106381447195;0.4351706010725693;-0.09841062691915847;-0.4823225233598347;0.024197757952591173;0.12349876455811148;0.4818026602411542;-0.2629774945898881;0.0;0.0;0.0;1.0;0.0;0.0;0.0;1.0;0.0;0.0
-1.1568027482082166;-0.21547511886602796;-0.026462143475253583;-0.04457842413791896;-0.33673896122370095;-0.29356420045295767;0.5834154279745495;-0.05435360305575473;-0.2580531079225319;0.13969991422169425;0.0;0.0;0.0;1.0;0.0;0.0;0.0;0.0;0.0;0.0
0.11539775509481537;-0.6624057951217349;-0.08168902158037113;0.4586716950000154;-0.5328395288461109;-0.08034738474670651;-0.24604217369966358;-0.0551759118839544;-0.29101699221733845;-0.07796379582421574;0.0;0.0;0.0;1.0;0.0;0.0;0.0;1.0;0.0;0.0
0.9957198492948337;-0.8058238978258792;0.22334782165704534;-0.1430779850271291;-0.1073022671340307;0.08263887946370775;-0.02694113007926808;0.0772704526564811;0.4609633108135508;-0.3494837483317492;0.0;0.0;0.0;1.0;0.0;0.0;0.0;1.0;0.0;0.0
-0.8066231163704497;-0.10769858260875977;-0.16943309991765382;0.3972987035262553;0.012455174889264089;-0.370800277152824;-0.31907510560930685;0.0029248570330708936;-0.36119482890150256;0.587771567453921;0.0;0.0;0.0;1.0;0.0;0.0;0.0;0.0;0.0;0.0
-0.3753306833930803;-0.3833508735655048;-0.2691742244546259;0.9524001445236437;-0.32862167112051044;0.18795750968873068;0.24799595627530288;0.21534084424798444;-0.23956518203776933;0.14417090940909572;0.0;0.0;0.0;1.0;0.0;0.0;0.0;0.0;0.0;0.0
-0.39792936744319884;0.1942842538070734;-0.5616675839324647;-0.41579582143940647;0.24613589702068966;0.13521676045475178;0.05206216828612853;-0.07569515740468422;-0.11173934931594831;0.0015306792314416456;0.0;0.0;0.0;1.0;0.0;0.0;0.0;1.0;0.0;0.0
-0.09123023995144001;-0.4149824624590606;0.1430223516489207;-0.3052863312852065;-0.0033634843883211135;0.11755939682084549;0.43003442982974277;0.26547987988377814;0.5411663126600728;-0.14430306145892127;0.0;0.0;0.0;1.0;0.0;0.0;0.0;0.0;0.0;0.0
1.3438551030524428;0.12789597578945722;0.34604046547870587;0.0958481301149754;-0.369733187297648;0.42385346615583597;0.35204228651491787;-0.5432559574684809;0.21428302411046588;-0.3003194472649894;0.0;0.0;0.0;1.0;0.0;0.0;0.0;0.0;1.0;0.0
0.5514930189083806;-0.9379104495639059;0.5090632934548108;0.16852703823382267;-0.331198163745336;-0.40091930042492163;-0.03123241689825841;-0.08946847541931105;-0.16591487085246517;0.5194815278203588;0.0;0.0;0.0;1.0;0.0;0.0;0.0;0.0;1.0;0.0
0.33994806182106374;-0.24696910632925087;-0.22077121644016884;-0.1975746642395117;0.3900634410717837;0.5009184284504421;0.02419833952328551;-0.033400973720289655;-0.14825406918724704;0.3321122924653119;0.0;0.0;0.0;1.0;0.0;0.0;0.0;0.0;1.0;0.0
-1.3585943967952274;-0.16160873627997283;-0.14589703813170804;0.416492659795759;-0.003973402114314617;-0.21716215383931384;0.17520520174088763;0.010590072918414574;-0.09584643231251608;-0.05741583368943586;0.0;0.0;0.0;1.0;0.0;0.0;0.0;0.0;1.0;0.0
1.1338186332484268;0.12223992269213876;-0.3635814092237225;0.739202827652576;-0.1689725270585782;0.12755490726772312;0.005980320298771826;0.2843915200678244;0.12964935932143917;-0.36323435267991805;0.0;0.0;0.0;1.0;0.0;0.0;0.0;1.0;1.0;0.0
0.9592191016096167;0.7181441403495604;0.45168209812696003;0.037911882942238496;0.44478552680240363;0.4738955823520001;-0.41032336336247327;-0.08842257190786766;-0.5058702034713893;-0.13613974531155196;0.0;0.0;0.0;1.0;0.0;0.0;0.0;1.0;1.0;0.0
0.5395203489567039;0.22040914559730918;0.22591704073527133;-0.055423339535830146;0.5221512855125218;0.3090250083720342;-0.3661517621158874;-0.08121288459985207;-0.10833851121015345;0.4828587666204217;0.0;0.0;0.0;1.0;0.0;0.0;0.0;0.0;1.0;0.0
-0.7449645694402526;0.7769541034027471;0.138053228219837;-0.4985988978107869;-0.05028642968470583;0.3179528299025545;-0.3094164007886369;0.217417400546505;-0.0782369455731376;-0.08061667360271176;0.0;0.0;0.0;0.0;0.0;0.0;1.0;1.0;0.0;1.0
0.1876820380530091;-0.18579256908440586;-0.2438649510895884;-0.6242031119860377;-0.5394464467045822;-0.34112937480489336;-0.3888877829101908;0.11669484883897387;0.23217104466442878;-0.10306342249295024;0.0;0.0;0.0;0.0;0.0;0.0;1.0;1.0;1.0;0.0
0.630760167648386;1.2556372976815922;-0.1260336816728912;0.15588783762670905;0.33535862816861944;-0.7606161781291756;0.1379407270048949;0.44526077772245337;-0.6177958685035878;-0.2274987423369632;0.0;0.0;0.0;0.0;0.0;0.0;1.0;1.0;0.0;0.0
-0.5700208343835567;0.9377303003199832;0.46222301657192405;-0.4592416886938762;-0.39687170599203203;0.22912903091126835;-0.1720801314632968;0.09906852022928503;0.1772432708931424;-0.026048183164250487;0.0;0.0;0.0;0.0;0.0;0.0;1.0;0.0;0.0;0.0
0.7642849007810608;-0.1035804062342452;-0.46201488690976944;-0.1578702271189422;0.3355475651395128;-0.01590509188551363;0.35782616827042824;-0.3164996042707608;-0.1506345394757931;0.06226405820512334;0.0;0.0;0.0;0.0;0.0;0.0;1.0;1.0;0.0;0.0
0.4067726628644854;-0.3423906087510343;-0.11149199669315173;-0.38879626429877684;-0.274947241961281;0.025089717422552203;-0.004840613052315937;0.1410548947656423;0.19349043935787108;0.13063685567216587;0.0;0.0;0.0;0.0;0.0;0.0;1.0;1.0;1.0;0.0
1.373787781246214;0.5464699182842229;0.7170867469715612;0.5336429680055744;-0.17662022205236408;0.024622395269330483;-0.08188262800512648;-0.4169917742140808;0.7298346770208508;0.6811350018116706;0.0;0.0;0.0;0.0;0.0;0.0;1.0;0.0;1.0;0.0
-1.3656023883075503;-0.20480618728989078;-0.09196413178064933;0.3578525855199309;-0.008650535361359391;-0.19940352563861433;-0.10066869501976242;0.051516500372074454;-0.07824448221515136;0.006996240124908281;0.0;0.0;0.0;0.0;0.0;0.0;1.0;1.0;1.0;0.0
-0.4458826181375088;0.009933536345272196;-0.1127616746627097;-0.5481049723509765;0.13082790965852947;-0.5439841511483311;-0.076389635132719;0.10078404861820657;0.5384253837121787;-0.004495064261661903;0.0;0.0;0.0;0.0;0.0;0.0;1.0;1.0;0.0;1.0
-0.7953669608518048;0.08918620388450829;0.4579281164585689;0.15258969670841635;0.2159090085545004;-0.389548245278913;-0.41643627988870174;-0.3819329426365996;-0.32492181705215717;0.25335020154353527;0.0;0.0;0.0;0.0;0.0;0.0;1.0;0.0;0.0;1.0
0.4256705936516124;-0.9888735600578581;0.21168121147252794;0.20028243170804846;-0.4023331509666062;0.19859399014546333;-0.2484302306701547;-0.2149725266176156;-0.41964936652773216;-0.21438212119635217;0.0;0.0;0.0;0.0;0.0;0.0;1.0;1.0;1.0;0.0
-0.841754805465415;1.26583571608288;0.4585800726996724;0.3132935415929601;-0.03442011452851984;0.5990734876061684;0.2844539838403804;-0.14567435372717574;0.5774360716846747;-0.1541874980670759;0.0;0.0;0.0;0.0;0.0;0.0;1.0;0.0;1.0;0.0
0.9154467645070103;-0.17863212772509357;-0.5938051021408121;0.09300941198754353;-0.25382174192411894;-0.10377562754982322;0.0676666369305602;-0.04535432748062417;0.09998832996632057;-0.3426918833032468;0.0;0.0;0.0;0.0;0.0;0.0;1.0;1.0;1.0;0.0
1.1343853512943873;-0.5997653882875629;0.3729206920775382;0.19513248081880175;-0.10726578581835403;-0.2995275259746175;0.30302403475837564;-0.23320867328554196;0.08985088303121569;0.3111476304176513;0.0;0.0;0.0;0.0;0.0;0.0;1.0;0.0;1.0;0.0
0.6730221834919443;-0.1341270554138124;0.3092051252018553;-0.2149819751679949;-0.34645815084053094;0.6449329843891664;-0.2325137771309019;0.02777481635888498;0.15813606832895583;-0.13520722853910053;0.0;0.0;0.0;0.0;0.0;0.0;1.0;1.0;1.0;0.0
-0.26378071849402907;0.37819046652212823;-0.8114478593923035;-0.00036258918643515477;0.13379926318495713;-0.08922329954768393;0.0967048514144513;0.0021385651262282633;-0.08253630811715124;0.026770546411880952;0.0;0.0;0.0;0.0;0.0;0.0;1.0;0.0;0.0;1.0
0.0017820997162448485;-0.22263017065576482;0.14350363773741143;-0.25754733271166824;-0.04013512048864754;0.4950110251392682;0.018852870787065542;0.2198315019456085;0.2977299547068921;0.3053764039590107;0.0;0.0;0.0;0.0;0.0;0.0;1.0;0.0;0.0;1.0
0.641651474317729;-0.7219511450741297;-0.17453407185857894;1.2492028384087388;-0.042355022426414035;0.3397517139485376;-0.20504052936236125;0.02145733158208642;-0.3841875697955936;-0.09534535884089114;0.0;0.0;0.0;0.0;0.0;0.0;1.0;1.0;0.0;1.0
-0.023383248682992214;-0.1396761206861647;-0.23115071041141888;-0.28173379263163195;0.45089886640427496;0.5090787470855299;-0.12175298795124924;0.06233054311188055;-0.06124397301522752;0.32693342026614874;0.0;0.0;1.0;0.0;0.0;0.0;0.0;1.0;0.0;1.0
-0.9996476042981338;-0.13458302804457037;-0.09636412514066345;-0.2771554717453502;-0.09776557365495352;0.16879132051107104;-0.11669638352331214;0.17283870925754738;-0.134239136220086;0.1536371362507711;0.0;0.0;1.0;0.0;0.0;0.0;0.0;1.0;0.0;1.0
-0.46948531722337455;-0.3801292269154418;0.006084971920126552;0.0833171432390202;0.3584168733221481;0.24345115534598008;0.3701238149266369;-0.11615489849097492;-0.07303100703116373;0.024623650210107404;0.0;0.0;1.0;0.0;0.0;0.0;0.0;1.0;0.0;0.0
1.1771186881116207;-0.38775071496175484;-0.06630877647854162;-0.0521766927912426;0.37502047121533455;-0.02130424877022425;0.2292488346240398;-0.1189738406644297;0.026039412995717468;0.2591875268840042;0.0;0.0;1.0;0.0;0.0;0.0;0.0;0.0;0.0;0.0
0.137264418649364;0.8578325953540648;-0.1848536681734517;-0.23653572523002608;0.0912995597425424;-0.029932694219256886;0.026963393651781013;-0.2846496167770412;-0.42539761473020066;-0.2046297927247677;0.0;0.0;1.0;0.0;0.0;0.0;0.0;1.0;0.0;0.0
0.5320248806673735;0.07223150759374117;-0.6088894411736399;-0.009985579179239186;0.1911088028426543;-0.22990494577156811;-0.48149143473551576;-0.051924179413070155;0.014195746301193508;0.19119904988896527;0.0;0.0;1.0;0.0;0.0;0.0;0.0;1.0;0.0;0.0
-0.32075407035173603;-0.2513146972448379;-0.4506823672224194;0.9631169220652753;-0.31287048856268396;-0.02463778083748408;0.24911634118272497;0.05917296446914753;-0.3027398931380021;0.07830219369663273;0.0;0.0;1.0;0.0;0.0;0.0;0.0;1.0;0.0;0.0
-0.8333461533951168;-0.7497238334455548;0.6521272689000742;0.27381767310125943;0.6595551089420292;-0.2139627170154328;0.29618844684935536;-0.10913643433090094;0.287140509794376;0.05090809962892991;0.0;0.0;1.0;0.0;0.0;0.0;0.0;0.0;1.0;0.0
-0.6482672351651666;-0.5630322009645482;0.07368925876744177;0.5195178312296242;0.048330165905873655;0.0554616838405854;-0.0925034580832085;-0.00784194277008947;-0.09153149964843589;0.005700161935504583;0.0;0.0;1.0;0.0;0.0;0.0;0.0;1.0;1.0;0.0
0.9298240752293886;0.57415451585609;0.5880805686835898;-0.29851596582268536;-0.20105062144323135;-0.43429371140182915;0.1694982617878905;0.7341000507603209;-0.42100177046138393;-0.4056387594784278;0.0;0.0;1.0;0.0;0.0;0.0;0.0;0.0;0.0;1.0
1.2685456348421453;0.5903757308499483;0.404627705681533;-0.06398659943340321;-0.2650812766992961;-0.18329182477353495;0.09231567525881183;-0.45063350399005503;0.09122351843441609;-0.11176578045251791;0.0;0.0;1.0;0.0;0.0;0.0;0.0;1.0;0.0;1.0
1.482108792869247;-0.6151816584695476;-0.09252594378502126;-0.0966431535435404;0.18343876727624875;0.1824919420274295;-0.3674124654883339;-0.15947235036132038;-0.02615298271743015;-0.1482247836940082;0.0;0.0;1.0;0.0;0.0;0.0;0.0;1.0;0.0;1.0
0.8516034251955841;-0.337499164746157;-0.05981438205134377;-0.28792655441958637;0.16574180705753047;-0.1565466911049967;-0.1884370928815815;0.012542194720546962;0.17652063865510742;0.4110058179688114;0.0;0.0;1.0;0.0;0.0;0.0;0.0;1.0;0.0;0.0
-0.3616463895600976;-0.5846956505288171;0.32303342951075503;-0.00634184233986612;0.0281732894245319;0.10393456685246319;0.4210860490379141;0.2165875529028943;0.26509962990994074;-0.17415365514927858;0.0;0.0;1.0;0.0;0.0;0.0;0.0;1.0;0.0;0.0
-0.4955721149364225;1.3133075974100108;0.010221591359907347;0.19738064391519086;-0.05115038566601222;0.14274631587101966;0.25603380403136183;-0.0059494807820658436;0.08401719438130867;0.20716530257556576;0.0;0.0;1.0;0.0;0.0;0.0;0.0;0.0;0.0;0.0
-1.4069912939965783;-0.35708199836818233;0.16329224997881303;-0.07077541538329339;0.09584962239538326;-0.16834497303961043;-0.22421512741444993;-0.09099543623813422;-0.15366099379430867;0.04643755204831513;0.0;0.0;1.0;0.0;0.0;0.0;0.0;1.0;0.0;0.0
1.55996295346129;-0.3924710957737981;-0.1785337450540886;-0.05093639549207416;0.1331318029262137;-0.39293866247312054;0.40412904417752904;-0.27459005402195;0.07149413414459667;0.021749024434226785;0.0;0.0;1.0;0.0;0.0;0.0;0.0;1.0;0.0;0.0
-0.333242676579095;0.09389059541529197;0.20975484539713732;-0.06554793053404279;0.8017505419688171;0.3104416445355209;0.5242980249926364;0.24928689768719606;0.19829438300964372;0.21068312164578057;0.0;0.0;1.0;0.0;0.0;0.0;0.0;0.0;0.0;0.0
-0.61787028966604;-0.05266751923976796;-0.3292734732799272;-0.2255995775547907;-0.2949705650989605;-0.19474333343860412;0.40571616623078477;-0.0772195859840405;-0.16756895426914287;0.013324667283673878;0.0;0.0;1.0;0.0;0.0;0.0;0.0;1.0;0.0;0.0
-0.20273901728346613;0.015378134552334357;0.3205642935430808;-0.2296793988536386;-0.30790327107500437;0.04282458566789257;0.03130967014428928;0.39433126069820673;-0.33139941451065585;0.04462331243107948;0.0;0.0;1.0;0.0;0.0;0.0;0.0;1.0;0.0;0.0
0.3938100787390253;-0.38912635235356763;0.0324839667157408;-0.3014958540097758;-0.062306062152046704;0.1552024287107875;0.3208753227498255;0.23118602704728458;0.30851433183943594;0.04275800614215422;0.0;0.0;1.0;0.0;0.0;0.0;0.0;0.0;0.0;0.0
0.2817359302608404;-0.7561312927568489;0.2483260928436895;0.0061910715640264525;-0.2762731402364047;0.370679303220057;0.293462576650569;0.15417443651417156;-0.02706389169704366;0.1335869528594831;0.0;0.0;1.0;0.0;0.0;0.0;0.0;0.0;0.0;0.0
-1.5710010400861725;-0.27401475873324627;0.08491455178557987;0.44550902570994516;0.3334951973092383;-0.34547491425933113;0.08702136589669206;-0.021336426132619535;0.22255819821120937;-0.3510347067600924;1.0;0.0;0.0;0.0;0.0;0.0;0.0;0.0;1.0;0.0
-0.666585842105397;0.24974845615487073;-0.6103255964123999;-0.47654727449358;0.04432806380356108;0.12848941431089753;0.23709083895797325;-0.05605946468407777;-0.11371557749650198;-0.19437678992987578;1.0;0.0;0.0;0.0;0.0;0.0;0.0;1.0;1.0;0.0
1.2509757548355178;-0.7891278427663752;0.22716228470176208;0.13567159581973728;-0.03832202571697457;-0.2060094115915793;0.17821065890599314;-0.11737992235726524;-0.04662840037506825;-0.0780211604708759;1.0;0.0;0.0;0.0;0.0;0.0;0.0;1.0;1.0;0.0
1.6663627693447514;0.4027857958261203;0.5819930935043416;0.30764322724046905;-0.005810067840239192;0.08244561799379893;0.44266006750006365;-0.4082311114398625;0.07405419983886477;-0.12854453677385724;1.0;0.0;0.0;0.0;0.0;0.0;0.0;1.0;0.0;1.0
-1.548725428803181;-0.3604669993345695;0.16662040236740078;0.3305455777957707;0.28893270767146273;-0.30505341214554255;-0.47929496151746637;0.04837466619323007;0.22453509588944373;-0.20356967140608423;1.0;0.0;0.0;0.0;0.0;0.0;0.0;0.0;0.0;1.0
-0.9694707308757184;-0.3464738802457077;0.09523578717541954;-0.1513902398421159;-0.34796400224851776;-0.32112376468671167;-0.17893631256870166;-0.02137230737963661;-0.28318636850580603;0.3595804284605907;1.0;0.0;0.0;0.0;0.0;0.0;0.0;0.0;0.0;1.0
-1.2638559480117406;0.624826826186954;0.8398940036396358;-0.16124881452126572;0.3223209639089167;-0.05195922558447596;-0.3450803337025906;0.1521061043399458;0.08416437201399612;-0.4879015431314774;1.0;0.0;0.0;0.0;0.0;0.0;0.0;1.0;0.0;1.0
-0.1199944427494511;0.05168500062668868;-0.33904599160983184;-0.4850146673614723;-0.2758486665509175;-0.3047676750159153;0.4518655282261497;0.10064854488219874;0.2028919474163573;-0.05045511261392965;1.0;0.0;0.0;0.0;0.0;0.0;0.0;0.0;0.0;1.0
-1.3230818691937936;-0.43666317413717926;0.2367814976097933;0.08149218246650712;0.30720340322791223;-0.35453214985976017;-0.09331571648645705;-0.2427584706938984;-0.019722210196631156;-0.1491287935237052;1.0;0.0;0.0;0.0;0.0;0.0;0.0;1.0;0.0;1.0
-0.6253035550908194;0.6936119351038748;-0.09189681413758957;0.026462473753943016;0.11589718615553139;0.372447638805423;-0.092126170597025;0.2675166779630042;0.22318014082907642;0.39158460135983364;1.0;0.0;0.0;0.0;0.0;0.0;0.0;1.0;0.0;1.0
-1.6158939415313622;-0.4478892953164969;0.36713738672057167;-0.012439012331193046;0.43565678844245864;-0.3055370475599775;-0.17446201487832;-0.14338514901599822;0.1559426616807345;-0.27938735792951347;1.0;0.0;0.0;0.0;0.0;0.0;0.0;0.0;0.0;1.0
-1.526700312621596;-0.22470358187482736;-0.0028830175930694367;0.5148429540912306;0.30363226930503207;-0.3608662436334552;0.38773728544457675;-0.08025124866112954;0.16921468129772604;-0.4060076176797373;1.0;0.0;0.0;0.0;0.0;0.0;0.0;0.0;0.0;1.0
1.0342015759122345;-0.6461491261449714;-0.12288212939632819;-0.19885876038210715;-0.45420059811917124;0.3197396367832999;0.4008019195580553;0.045854667818259594;0.1702226021896558;-0.4669794882085113;1.0;0.0;0.0;0.0;0.0;0.0;0.0;1.0;1.0;0.0
0.23431403799586534;0.46760258989165443;0.5532691371481129;0.013035706474685806;-0.0895851478817414;1.0746569666655559;-0.0396585620659715;-0.023725784975771973;0.0036127805792359013;-0.24314329922826494;1.0;0.0;0.0;0.0;0.0;0.0;0.0;1.0;0.0;1.0
1.4484618402286331;-0.1725412620737936;-0.23056612146223315;0.4139054303502283;-0.03930439891871634;-0.2666515932029255;0.4206950413904107;-0.14241915766853835;0.3310108590631789;-0.10817018073387044;1.0;0.0;0.0;0.0;0.0;0.0;0.0;1.0;0.0;1.0
-0.3946971469279939;0.7190169495548664;-0.18336957200921933;-0.35108195074489046;0.1216940332534341;0.06513270828728555;-0.0422928528827601;-0.22056961005971948;-0.07414563353926991;0.10035116988367279;1.0;0.0;0.0;0.0;0.0;0.0;0.0;1.0;0.0;0.0
-0.5627562194999938;-0.17976089639733128;-0.18916789875217815;-0.34167364212987344;-0.3292648238176542;-0.14808114391666372;-0.09750426892971971;-0.005781583706289682;-0.1510613955883342;0.1531904159133162;1.0;0.0;0.0;0.0;0.0;0.0;0.0;0.0;1.0;0.0
1.7243155586370735;-0.14108395983098937;-0.28810212142317215;0.7028649011365541;0.0240502089093415;-0.2690843185155096;-0.5565877407435443;0.34834839996605044;0.09772259661866023;-0.16071013844683796;1.0;0.0;0.0;0.0;0.0;0.0;0.0;1.0;1.0;0.0
0.9754522803161939;0.1166420951864883;-0.8432178744471485;0.6997510006292755;0.3748877120063793;-0.08055405875682287;-0.06170247339668789;-0.03703042521324876;-0.00551936130068434;0.14347649546969118;1.0;0.0;0.0;0.0;0.0;0.0;0.0;1.0;0.0;1.0
-0.10460316237671147;-0.10828213390339905;-0.0936648473497999;-0.21385279450067649;0.3928028331029173;-0.2024537131146464;0.5808815174764469;0.01599647532356952;0.4343861850153867;-0.011982553150309608;1.0;0.0;0.0;0.0;0.0;0.0;0.0;1.0;1.0;0.0
1.5084759286437348;0.5173683870320338;0.8609102162097424;-0.10335328551925227;0.3759057324008726;-0.5850562643909576;0.291813535529656;0.7535956217738425;-0.4888738395627539;0.21245764021438487;0.0;0.0;0.0;0.0;0.0;0.0;1.0;0.0;0.0;1.0
0.12413976583592935;0.4347688880968695;-0.0010152908879208626;-0.41063167779661375;-0.2616731405356808;-0.06193807672723828;0.0782007810058359;-0.16617184683132652;0.08649130124791382;0.09691656930749382;0.0;0.0;0.0;0.0;0.0;0.0;1.0;0.0;0.0;1.0
0.49248121875788037;1.3896118303315466;0.4564681175644353;-0.2552121503275488;-0.4498053748815397;-0.3381860365153491;0.19169603458934834;-0.14067502228259607;-0.2587022946127144;-0.37647472376628377;0.0;0.0;0.0;0.0;0.0;0.0;1.0;0.0;0.0;0.0
0.34181477335075877;-0.42250193065744884;-0.07980981416887697;-0.21189069402801136;-0.08991923637342113;0.48654774784947014;0.09575698743569708;0.20597246491813354;0.10249883237549343;-0.09196411765171111;0.0;0.0;0.0;0.0;0.0;0.0;1.0;1.0;0.0;0.0
-0.4419926213176989;0.65178280481691;0.7812775249885413;-0.09858941773175381;-0.1110807147706837;-0.3675629539264801;0.011645895419250565;-0.27508553081821746;0.19322407173171868;-0.1088297462847826;0.0;0.0;0.0;0.0;0.0;0.0;1.0;0.0;0.0;0.0
-0.10951921890703226;-0.04352275166934479;-0.23821585803958825;-0.48433438854742306;-0.40030005229755883;-0.2706358478454391;0.3908654124683456;0.16965585330930036;0.22848479118903406;0.09443535888965408;0.0;0.0;0.0;0.0;0.0;0.0;1.0;0.0;1.0;0.0
-0.02033062359315855;-0.12901896333896132;-0.4596986284810508;-0.2890926060251093;-0.05651487359844153;0.47025986382750495;0.42320614710783416;-0.03210443737152684;-0.08464597318478825;-0.4009741229180129;0.0;0.0;0.0;0.0;0.0;0.0;1.0;1.0;0.0;1.0
0.2742345469594451;-0.42725199082249127;0.07568893774052263;0.6912654921184608;-0.01783511982403877;0.05125942203337374;-0.140239780794378;0.041987300810398274;-0.5741839572118485;-0.11725414890107871;0.0;0.0;0.0;0.0;0.0;0.0;1.0;1.0;0.0;1.0
-0.11036656838733688;-0.2732744383790118;-0.3104767695287142;-0.44934120540510325;-0.5823163140894164;-0.38148805673687636;-0.40505055051414907;-0.19304316231358631;-0.16911316271939997;-0.16764077229980817;0.0;0.0;0.0;0.0;0.0;0.0;1.0;1.0;0.0;1.0
0.5163466856746455;0.9134302828838051;0.1562576831010507;-0.2811373932995539;-0.7316152582342939;-0.1915703190115549;-0.042122131251100925;-0.8827991510828931;0.4151475503940098;-0.1175537794108508;0.0;0.0;0.0;0.0;0.0;0.0;1.0;1.0;1.0;0.0
-0.4149237750068019;0.7018954618660641;0.44643371437788476;-0.4753633936456884;-0.5487809864354668;-0.06601503309002543;-0.09392208804058969;-0.002290487111307341;0.5261402412905679;0.39387224141482946;0.0;0.0;0.0;0.0;0.0;0.0;1.0;0.0;1.0;0.0
0.4698241878395931;-0.3059388063407764;-0.12880214956471048;-0.24244750996029163;-0.09800289438809398;-0.6777110591584363;-0.18709080707843811;-0.2831244120578186;-0.07574448129288117;0.21558508754732553;0.0;0.0;0.0;0.0;0.0;0.0;1.0;1.0;1.0;0.0
-1.0550546536685903;0.6037479405867395;-0.15469702229092744;-0.15190491929461336;0.0972557036758933;0.21358565302452842;-0.32043208668018874;0.5733308913118819;0.24390145231357635;0.11845368435530534;0.0;0.0;0.0;0.0;0.0;0.0;1.0;0.0;1.0;0.0
-1.3726103798198728;-0.2480036382998087;-0.03803122542959062;0.29921251124410275;-0.013327668608404166;-0.18164489743791484;-0.3765425917804125;0.09244292782573432;-0.06064253211778665;0.07140831393925244;0.0;1.0;0.0;0.0;0.0;0.0;0.0;0.0;0.0;0.0
-0.29737268920313065;0.05497476434795761;-0.2012497245156967;-0.3077896222002493;0.9442335785329131;-0.5213257881676668;-0.5125564111144283;-0.32688045902419044;0.26081407689907876;-0.08703417088262287;0.0;1.0;0.0;0.0;0.0;0.0;0.0;1.0;0.0;0.0
-0.02623670464487105;0.08470025647942411;-0.5770765450795471;-0.004653194745952236;-0.2563901731761652;-0.04503800419277187;0.25552449438832564;0.22682933122790652;0.21858462992074784;0.0014981065306620325;0.0;1.0;0.0;0.0;0.0;0.0;0.0;1.0;1.0;0.0
0.985183855284795;-0.694977875617453;0.00028488813089875127;-0.2619229845763682;-0.29129029658893163;0.3758625342527564;-0.30397659344540356;0.12069152906350858;0.15088069401493776;-0.2004058509944499;0.0;1.0;0.0;0.0;0.0;0.0;0.0;1.0;1.0;0.0
0.19148589718222297;-0.5380880468092561;-0.219459085741859;0.14130918607867515;-0.18661324559756817;-0.17031769391722634;0.17364868102084116;-0.5778228557238841;-0.6524323961646149;-0.14527189766250415;0.0;1.0;0.0;0.0;0.0;0.0;0.0;1.0;1.0;0.0
0.8284151082615567;-0.7802576896630186;-0.04671852224576519;1.0208871210449175;-0.5152699399036512;-0.2445523830714125;-0.2007678806313065;0.13760719039461627;-0.017339380566703422;-0.03374997760013364;0.0;1.0;0.0;0.0;0.0;0.0;0.0;1.0;0.0;1.0
0.039856699954423126;0.5453731582779505;1.1253726313029324;-0.01672686263340166;-0.5124787933993923;0.315864702591178;0.018335189954098434;0.18693527786243913;-0.03790218639840393;0.3194095076028324;0.0;1.0;0.0;0.0;0.0;0.0;0.0;0.0;0.0;1.0
-1.1002499981385196;-0.14308699853152637;-0.2380619324670893;0.2685227582645072;-0.3913275400404122;-0.19096819714856478;-0.054617448462122416;0.10257620864040407;-0.28683780580006124;0.24028035423587618;0.0;1.0;0.0;0.0;0.0;0.0;0.0;0.0;0.0;1.0
-0.01976482373944411;0.5228220994042597;-0.5320730322862751;0.0015167615036386342;-0.23555909514343493;-0.31878538562393766;-0.053079760603854574;-0.17303013605790524;0.3241667879163619;0.11475253694345298;0.0;1.0;0.0;0.0;0.0;0.0;0.0;1.0;0.0;1.0
-1.0567087725843525;-0.05849681842125161;-0.17571855344989695;-0.37074084935154283;-0.07600320819374891;0.07894911273704097;-0.26391923990842636;0.08837916144072604;-0.19736092632340965;0.2662379185394123;0.0;1.0;0.0;0.0;0.0;0.0;0.0;0.0;1.0;0.0
0.30726925360269286;-0.44427847599173165;0.01680132588725005;-0.006541458087571583;0.09454835226953234;-0.5210152705084924;0.34580429806503316;-0.32948695017362467;0.04817382092618468;-0.041239052588893155;0.0;1.0;0.0;0.0;0.0;0.0;0.0;0.0;1.0;0.0
-1.3959787359057854;-0.2892002896383113;0.07854053999857788;0.021373272764436506;0.10319940321216799;-0.19625138878356677;0.20930099606657168;-0.155308393665314;-0.1813212010901675;-0.054781421088511306;0.0;1.0;0.0;0.0;0.0;0.0;0.0;0.0;1.0;0.0
-1.3363992534730444;-0.41817212145801946;0.13600003431671442;0.03695415492186159;0.28232653712932254;-0.31905659375800133;-0.10572033873370823;-0.32793400812035983;-0.06341438904435429;-0.3852608128676086;0.0;1.0;0.0;0.0;0.0;0.0;0.0;1.0;1.0;0.0
0.3511466396137898;1.3325340429132937;-0.29880771568640613;0.5373637565539887;-0.1535859783416506;-0.31499397217838987;-0.3359953898311131;-0.15217658917464538;0.1362202709138821;0.006229776013744702;0.0;1.0;0.0;0.0;0.0;0.0;0.0;1.0;1.0;0.0
-1.311051153572539;-0.29599842520726843;0.07317477025451032;0.252028150691452;-0.15200789960305855;-0.3985608034862122;-0.1642963646296279;0.15809940554285937;0.15157503550651458;0.004714251150052221;0.0;1.0;0.0;0.0;0.0;0.0;0.0;1.0;0.0;1.0
