folio_integrante;edad;ponderador;grupo;resultado_general_entrevista;region_Centro;region_Centro Norte;region_Frontera;region_Pacifico-Norte;region_Pacífico Sur;region_Pacífico-Centro;region_Península;sexo_Mujer;estrato_Rural  ( <2500 Hab );estrato_Urbano ( 2500-99,999 Hab)
2022_01001001_01;51;8717.1854790009;Adolescentes y Adultos;1;False;True;False;False;False;False;False;True;False;False
2022_01001028_04;26;51475.173555678;Adolescentes y Adultos;1;False;True;False;False;False;False;False;True;False;False
2022_01001034_03;12;16477.8557582843;Adolescentes y Adultos;1;False;True;False;False;False;False;False;False;False;False
2022_01001041_04;12;11801.483709865;Adolescentes y Adultos;1;False;True;False;False;False;False;False;False;False;False
2022_01001042_01;62;7032.17435561176;Adolescentes y Adultos;1;False;True;False;False;False;False;False;True;False;False
2022_01001042_04;17;23602.9674197301;Adolescentes y Adultos;1;False;True;False;False;False;False;False;False;False;False
2022_01001052_01;72;15338.3919052447;Adolescentes y Adultos;1;False;True;False;False;False;False;False;True;False;False
2022_01001074_05;13;29774.0264583911;Adolescentes y Adultos;1;False;True;False;False;False;False;False;False;False;False
2022_01001075_02;33;27374.8522981065;Adolescentes y Adultos;1;False;True;False;False;False;False;False;True;False;False
2022_01001081_02;60;15823.0335318306;Adolescentes y Adultos;1;False;True;False;False;False;False;False;True;False;False
2022_01001088_01;45;42563.9470690317;Adolescentes y Adultos;1;False;True;False;False;False;False;False;False;False;False
2022_01001124_01;68;200058.954336164;Adolescentes y Adultos;1;False;True;False;False;False;False;False;False;False;False
2022_01001151_03;23;41144.7496627228;Adolescentes y Adultos;1;False;True;False;False;False;False;False;True;False;False
2022_01001155_01;49;16329.2802916334;Adolescentes y Adultos;1;False;True;False;False;False;False;False;True;False;False
2022_01001194_01;43;136870.972508855;Adolescentes y Adultos;1;False;True;False;False;False;False;False;True;False;False
2022_01001206_01;57;16003.8584691401;Adolescentes y Adultos;1;False;True;False;False;False;False;False;True;False;False
2022_01002008_05;19;20243.6850996827;Adolescentes y Adultos;1;False;True;False;False;False;False;False;True;True;False
2022_01002010_03;20;13347.9142132638;Adolescentes y Adultos;1;False;True;False;False;False;False;False;True;True;False
2022_01002011_01;19;20243.6850996827;Adolescentes y Adultos;0;False;True;False;False;False;False;False;True;True;False
2022_01002012_02;29;26695.8284265277;Adolescentes y Adultos;0;False;True;False;False;False;False;False;True;True;False
2022_01002021_02;47;14852.2485106239;Adolescentes y Adultos;1;False;True;False;False;False;False;False;True;True;False
2022_01005004_03;27;99636.443185492;Adolescentes y Adultos;1;False;True;False;False;False;False;False;True;False;True
2022_01005004_05;15;40646.8432150729;Adolescentes y Adultos;1;False;True;False;False;False;False;False;False;False;True
2022_01005005_01;53;27481.2008198493;Adolescentes y Adultos;0;False;True;False;False;False;False;False;True;False;True
2022_01005007_05;12;71181.066016734;Adolescentes y Adultos;1;False;True;False;False;False;False;False;False;False;True
2022_01005019_01;22;34101.2151227695;Adolescentes y Adultos;0;False;True;False;False;False;False;False;True;False;True
2022_01006001_04;17;45946.6707768964;Adolescentes y Adultos;1;False;True;False;False;False;False;False;False;False;True
2022_01006010_03;21;64797.9887153753;Adolescentes y Adultos;1;False;True;False;False;False;False;False;True;False;True
2022_01009014_02;61;20145.2915888627;Adolescentes y Adultos;1;False;True;False;False;False;False;False;True;True;False
2022_01009019_01;73;64752.3777765656;Adolescentes y Adultos;1;False;True;False;False;False;False;False;False;True;False
2022_01009030_01;42;15083.0066282618;Adolescentes y Adultos;1;False;True;False;False;False;False;False;True;True;False
2022_02001003_04;32;215463.117866307;Adolescentes y Adultos;1;False;False;False;True;False;False;False;True;False;False
2022_02001039_02;38;58679.3172061432;Adolescentes y Adultos;1;False;False;False;True;False;False;False;True;False;False
2022_02001046_02;49;58785.4248967553;Adolescentes y Adultos;1;False;False;False;True;False;False;False;True;False;False
2022_02001048_02;66;40835.3637596762;Adolescentes y Adultos;1;False;False;False;True;False;False;False;True;False;False
2022_02001049_03;16;53902.00953599;Adolescentes y Adultos;1;False;False;False;True;False;False;False;True;False;False
2022_02001059_01;56;93366.6177795314;Adolescentes y Adultos;1;False;False;False;True;False;False;False;False;False;False
2022_02002008_01;63;100727.877641176;Adolescentes y Adultos;0;False;False;False;True;False;False;False;True;False;False
2022_02002039_03;59;103654.824264423;Adolescentes y Adultos;1;False;False;False;True;False;False;False;True;False;False
2022_02002039_04;12;66511.6783900111;Adolescentes y Adultos;1;False;False;False;True;False;False;False;False;False;False
2022_02002042_01;34;281230.431912982;Adolescentes y Adultos;1;False;False;False;True;False;False;False;False;False;False
2022_02002049_01;48;236950.115948904;Adolescentes y Adultos;1;False;False;False;True;False;False;False;False;False;False
2022_02002056_02;59;114170.001928443;Adolescentes y Adultos;1;False;False;False;True;False;False;False;True;False;False
2022_02002080_03;22;43030.034432269;Adolescentes y Adultos;1;False;False;False;True;False;False;False;True;False;False
2022_02002084_04;12;116556.508244778;Adolescentes y Adultos;1;False;False;False;True;False;False;False;False;False;False
2022_02002088_01;44;89074.4259048468;Adolescentes y Adultos;1;False;False;False;True;False;False;False;False;False;False
2022_02002088_02;16;76340.3469061847;Adolescentes y Adultos;1;False;False;False;True;False;False;False;True;False;False
2022_02002100_02;43;60073.5965697305;Adolescentes y Adultos;1;False;False;False;True;False;False;False;True;False;False
2022_02002105_01;35;281230.431912982;Adolescentes y Adultos;1;False;False;False;True;False;False;False;False;False;False
2022_02002161_02;55;67506.3600352598;Adolescentes y Adultos;1;False;False;False;True;False;False;False;True;True;False
2022_02002163_02;49;106811.140322668;Adolescentes y Adultos;1;False;False;False;True;False;False;False;False;True;False
2022_02002164_03;28;143447.023829992;Adolescentes y Adultos;1;False;False;False;True;False;False;False;False;True;False
2022_02003013_01;44;67158.7158948841;Adolescentes y Adultos;1;False;False;False;True;False;False;False;True;False;True
2022_02003016_01;65;191187.474883035;Adolescentes y Adultos;1;False;False;False;True;False;False;False;True;False;True
2022_02003019_01;63;95593.7374415174;Adolescentes y Adultos;1;False;False;False;True;False;False;False;True;False;True
2022_02003045_01;21;170211.850291297;Adolescentes y Adultos;1;False;False;False;True;False;False;False;False;False;True
2022_02003046_01;41;29166.0709029211;Adolescentes y Adultos;1;False;False;False;True;False;False;False;True;False;True
2022_02003052_03;24;85105.9251456487;Adolescentes y Adultos;1;False;False;False;True;False;False;False;False;False;True
2022_02004003_03;18;31102.3713124471;Adolescentes y Adultos;1;False;False;False;True;False;False;False;True;False;False
2022_02004022_01;30;71236.8176560446;Adolescentes y Adultos;1;False;False;False;True;False;False;False;False;False;False
2022_02004035_03;26;135950.745984548;Adolescentes y Adultos;1;False;False;False;True;False;False;False;False;False;False
2022_02004082_01;43;170609.365360294;Adolescentes y Adultos;1;False;False;False;True;False;False;False;True;False;False
2022_02004100_04;60;157998.200080252;Adolescentes y Adultos;1;False;False;False;True;False;False;False;True;False;False
2022_03003005_01;21;15626.3693953359;Adolescentes y Adultos;1;False;False;False;True;False;False;False;False;False;False
2022_03003014_04;16;8745.55063078552;Adolescentes y Adultos;1;False;False;False;True;False;False;False;True;False;False
2022_03003036_02;26;14323.508094045;Adolescentes y Adultos;1;False;False;False;True;False;False;False;True;False;False
2022_03003039_03;46;19811.3433087482;Adolescentes y Adultos;1;False;False;False;True;False;False;False;False;False;False
2022_03003042_06;12;16949.6622271904;Adolescentes y Adultos;1;False;False;False;True;False;False;False;False;False;False
2022_03003045_02;31;24407.4438721816;Adolescentes y Adultos;1;False;False;False;True;False;False;False;False;False;False
2022_03003081_01;19;36369.9612464755;Adolescentes y Adultos;1;False;False;False;True;False;False;False;False;False;False
2022_03003082_01;68;14170.1503884822;Adolescentes y Adultos;1;False;False;False;True;False;False;False;True;False;False
2022_03003087_01;40;91101.3111059653;Adolescentes y Adultos;1;False;False;False;True;False;False;False;False;False;False
2022_03003098_01;66;11613.2406055835;Adolescentes y Adultos;1;False;False;False;True;False;False;False;True;False;False
2022_03003100_02;36;9721.18540432522;Adolescentes y Adultos;1;False;False;False;True;False;False;False;True;False;False
2022_03003104_01;32;26345.1800578381;Adolescentes y Adultos;0;False;False;False;True;False;False;False;False;False;False
2022_03003107_02;69;17105.4199307308;Adolescentes y Adultos;1;False;False;False;True;False;False;False;True;False;False
2022_03003107_03;24;26345.1800578381;Adolescentes y Adultos;1;False;False;False;True;False;False;False;False;False;False
2022_03003112_01;47;11613.2406055835;Adolescentes y Adultos;1;False;False;False;True;False;False;False;True;False;False
2022_03003151_07;20;53269.5450905947;Adolescentes y Adultos;1;False;False;False;True;False;False;False;True;False;True
2022_03008054_04;19;28681.5538251407;Adolescentes y Adultos;1;False;False;False;True;False;False;False;True;False;False
2022_03008091_03;13;8745.55063078552;Adolescentes y Adultos;1;False;False;False;True;False;False;False;True;False;False
2022_04001035_01;28;45538.628200299;Adolescentes y Adultos;1;False;False;False;False;False;False;True;False;False;True
2022_04001039_04;17;61225.3623457001;Adolescentes y Adultos;1;False;False;False;False;False;False;True;True;False;True
2022_04001044_05;12;44814.1178297755;Adolescentes y Adultos;0;False;False;False;False;False;False;True;False;False;True
2022_04002033_02;26;167987.231848757;Adolescentes y Adultos;1;False;False;False;False;False;False;True;False;False;False
2022_04002078_04;18;76054.6068977208;Adolescentes y Adultos;1;False;False;False;False;False;False;True;True;False;False
2022_04002113_02;43;87121.4397850781;Adolescentes y Adultos;1;False;False;False;False;False;False;True;False;False;False
2022_04002113_03;13;31126.4887128795;Adolescentes y Adultos;1;False;False;False;False;False;False;True;False;False;False
2022_04002117_02;42;161284.062783813;Adolescentes y Adultos;1;False;False;False;False;False;False;True;True;False;False
2022_04002120_01;47;21979.1153611521;Adolescentes y Adultos;1;False;False;False;False;False;False;True;False;True;False
2022_04002132_02;66;21079.5080805274;Adolescentes y Adultos;1;False;False;False;False;False;False;True;True;True;False
2022_04002141_05;13;29200.7188428562;Adolescentes y Adultos;1;False;False;False;False;False;False;True;False;True;False
2022_04002143_02;37;20781.3478204367;Adolescentes y Adultos;1;False;False;False;False;False;False;True;False;True;False
2022_04002160_02;28;19836.4728234218;Adolescentes y Adultos;1;False;False;False;False;False;False;True;True;True;False
2022_04002162_01;69;12001.6952324862;Adolescentes y Adultos;1;False;False;False;False;False;False;True;True;True;False
2022_04002185_03;13;28736.9668903079;Adolescentes y Adultos;0;False;False;False;False;False;False;True;True;True;False
2022_04002186_04;12;57473.9337806157;Adolescentes y Adultos;1;False;False;False;False;False;False;True;True;True;False
2022_04002190_01;59;11828.3981029054;Adolescentes y Adultos;1;False;False;False;False;False;False;True;False;True;False
2022_04002192_02;16;28365.8668976615;Adolescentes y Adultos;1;False;False;False;False;False;False;True;False;True;False
2022_04004010_02;26;49910.9269927609;Adolescentes y Adultos;1;False;False;False;False;False;False;True;False;False;True
2022_04004012_01;33;14103.4287990114;Adolescentes y Adultos;1;False;False;False;False;False;False;True;True;False;True
2022_04004018_01;77;26816.9441221286;Adolescentes y Adultos;1;False;False;False;False;False;False;True;False;False;True
2022_04008007_03;18;18525.7650649663;Adolescentes y Adultos;1;False;False;False;False;False;False;True;False;False;True
2022_04008009_02;55;11895.5605304362;Adolescentes y Adultos;1;False;False;False;False;False;False;True;True;False;True
2022_04008017_01;36;25480.358790896;Adolescentes y Adultos;1;False;False;False;False;False;False;True;False;False;True
2022_04008033_02;46;15306.3683142211;Adolescentes y Adultos;1;False;False;False;False;False;False;True;True;False;True
2022_04008036_01;53;14503.628734993;Adolescentes y Adultos;1;False;False;False;False;False;False;True;False;False;True
2022_05002005_04;14;111676.619820879;Adolescentes y Adultos;1;False;False;True;False;False;False;False;False;False;False
2022_05002020_02;31;191393.520707485;Adolescentes y Adultos;1;False;False;True;False;False;False;False;True;False;False
2022_05017003_03;25;99462.6243445797;Adolescentes y Adultos;1;False;False;True;False;False;False;False;False;False;True
2022_05017027_02;20;95299.8470980154;Adolescentes y Adultos;1;False;False;True;False;False;False;False;False;False;True
2022_05024003_02;42;113506.648402945;Adolescentes y Adultos;1;False;False;True;False;False;False;False;True;False;True
2022_05027004_01;52;22029.9999240021;Adolescentes y Adultos;1;False;False;True;False;False;False;False;True;False;False
2022_05027009_03;22;40370.3446737227;Adolescentes y Adultos;1;False;False;True;False;False;False;False;False;False;False
2022_05027019_01;34;75599.2965125852;Adolescentes y Adultos;1;False;False;True;False;False;False;False;False;False;False
2022_05027029_02;20;135497.41526059;Adolescentes y Adultos;1;False;False;True;False;False;False;False;True;False;False
2022_05030008_01;31;187323.894445949;Adolescentes y Adultos;1;False;False;True;False;False;False;False;False;False;False
2022_05030027_02;30;158523.4989567;Adolescentes y Adultos;1;False;False;True;False;False;False;False;False;False;False
2022_05030050_03;13;44569.0844389635;Adolescentes y Adultos;1;False;False;True;False;False;False;False;False;False;False
2022_05030064_01;54;127727.159569594;Adolescentes y Adultos;1;False;False;True;False;False;False;False;False;False;False
2022_05030077_03;41;85281.1162215098;Adolescentes y Adultos;1;False;False;True;False;False;False;False;False;False;False
2022_05030081_01;60;123814.982296426;Adolescentes y Adultos;1;False;False;True;False;False;False;False;True;False;False
2022_05035008_02;31;134453.521460432;Adolescentes y Adultos;1;False;False;True;False;False;False;False;True;False;False
2022_05038008_01;53;70409.8110232846;Adolescentes y Adultos;1;False;False;True;False;False;False;False;False;False;True
2022_05038025_01;60;150477.108088041;Adolescentes y Adultos;1;False;False;True;False;False;False;False;False;False;True
2022_06002036_01;61;28383.8892030415;Adolescentes y Adultos;1;False;False;False;False;False;True;False;True;False;False
2022_06002050_01;24;81054.218163125;Adolescentes y Adultos;1;False;False;False;False;False;True;False;False;False;False
2022_06002069_01;36;120390.557473993;Adolescentes y Adultos;1;False;False;False;False;False;True;False;True;False;False
2022_06003025_02;66;14814.142195944;Adolescentes y Adultos;1;False;False;False;False;False;True;False;True;True;False
2022_06003034_01;24;14114.7202624126;Adolescentes y Adultos;1;False;False;False;False;False;True;False;True;True;False
2022_06003059_02;33;25383.5649940453;Adolescentes y Adultos;1;False;False;False;False;False;True;False;True;True;False
2022_06007009_01;35;16684.9518124053;Adolescentes y Adultos;1;False;False;False;False;False;True;False;True;False;False
2022_06007024_01;56;102713.660922711;Adolescentes y Adultos;1;False;False;False;False;False;True;False;False;False;False
2022_06007033_01;45;42806.0573679422;Adolescentes y Adultos;1;False;False;False;False;False;True;False;False;False;False
2022_06007034_01;20;29861.7135885604;Adolescentes y Adultos;1;False;False;False;False;False;True;False;True;False;False
2022_06007035_02;42;21597.3363710921;Adolescentes y Adultos;1;False;False;False;False;False;True;False;True;False;False
2022_06009035_01;67;14275.4907349943;Adolescentes y Adultos;1;False;False;False;False;False;True;False;False;False;True
2022_06009057_01;21;226937.787877863;Adolescentes y Adultos;1;False;False;False;False;False;True;False;True;False;True
2022_06010015_01;52;45853.3231016315;Adolescentes y Adultos;1;False;False;False;False;False;True;False;True;False;False
2022_06010057_01;63;15846.7448846218;Adolescentes y Adultos;1;False;False;False;False;False;True;False;True;False;False
2022_06010061_01;67;15846.7448846218;Adolescentes y Adultos;1;False;False;False;False;False;True;False;True;False;False
2022_07008001_03;14;99340.1828258268;Adolescentes y Adultos;1;False;False;False;False;False;False;True;True;True;False
2022_07008010_02;48;39215.7227566352;Adolescentes y Adultos;1;False;False;False;False;False;False;True;True;True;False
2022_07008011_02;36;139569.413091867;Adolescentes y Adultos;0;False;False;False;False;False;False;True;False;True;False
2022_07008013_04;39;64815.9783800555;Adolescentes y Adultos;1;False;False;False;False;False;False;True;True;True;False
2022_07008021_01;42;215979.556087415;Adolescentes y Adultos;1;False;False;False;False;False;False;True;False;True;False
2022_07008034_01;22;50150.4087743118;Adolescentes y Adultos;1;False;False;False;False;False;False;True;True;True;False
2022_07008040_03;13;151740.838650305;Adolescentes y Adultos;1;False;False;False;False;False;False;True;False;True;False
2022_07020011_01;79;92847.3847764637;Adolescentes y Adultos;1;False;False;False;False;False;False;True;True;False;True
2022_07039033_02;50;152768.864132093;Adolescentes y Adultos;1;False;False;False;False;False;False;True;True;True;False
2022_07052022_03;26;93125.4343869897;Adolescentes y Adultos;1;False;False;False;False;False;False;True;True;True;False
2022_07052023_01;56;117496.839949384;Adolescentes y Adultos;1;False;False;False;False;False;False;True;False;True;False
2022_07052027_01;61;117496.839949384;Adolescentes y Adultos;1;False;False;False;False;False;False;True;False;True;False
2022_07057002_01;41;196349.269380459;Adolescentes y Adultos;1;False;False;False;False;False;False;True;False;True;False
2022_07057011_02;81;55169.5270540665;Adolescentes y Adultos;1;False;False;False;False;False;False;True;True;True;False
2022_07057012_02;50;55169.5270540665;Adolescentes y Adultos;1;False;False;False;False;False;False;True;True;True;False
2022_07057021_01;39;196349.269380459;Adolescentes y Adultos;1;False;False;False;False;False;False;True;False;True;False
2022_07057022_01;72;103221.27263952;Adolescentes y Adultos;1;False;False;False;False;False;False;True;False;True;False
2022_07057025_01;59;103221.27263952;Adolescentes y Adultos;1;False;False;False;False;False;False;True;False;True;False
2022_07058001_01;42;241738.704702877;Adolescentes y Adultos;1;False;False;False;False;False;False;True;False;False;True
2022_07058003_02;24;136617.162419634;Adolescentes y Adultos;1;False;False;False;False;False;False;True;True;False;True
2022_07058011_02;54;80284.8112465446;Adolescentes y Adultos;1;False;False;False;False;False;False;True;True;False;True
2022_07058012_02;56;40142.4056232723;Adolescentes y Adultos;1;False;False;False;False;False;False;True;True;False;True
2022_07087007_02;28;49708.2354909546;Adolescentes y Adultos;1;False;False;False;False;False;False;True;True;False;True
2022_07087008_04;12;136312.655335058;Adolescentes y Adultos;1;False;False;False;False;False;False;True;False;False;True
2022_07087011_01;35;175913.541868763;Adolescentes y Adultos;1;False;False;False;False;False;False;True;False;False;True
2022_07087016_01;73;78660.492745869;Adolescentes y Adultos;1;False;False;False;False;False;False;True;True;False;True
2022_07087019_01;60;87249.5020477489;Adolescentes y Adultos;1;False;False;False;False;False;False;True;False;False;True
2022_07089015_03;13;87355.3432660275;Adolescentes y Adultos;1;False;False;False;False;False;False;True;False;False;False
2022_07089018_02;46;119020.279051431;Adolescentes y Adultos;1;False;False;False;False;False;False;True;True;False;False
2022_07089022_02;13;194398.722198549;Adolescentes y Adultos;1;False;False;False;False;False;False;True;True;False;False
2022_07101025_02;47;213980.890116106;Adolescentes y Adultos;1;False;False;False;False;False;False;True;True;False;False
2022_07101032_02;33;426712.957918125;Adolescentes y Adultos;0;False;False;False;False;False;False;True;True;False;False
2022_07108005_02;25;426712.957918125;Adolescentes y Adultos;1;False;False;False;False;False;False;True;True;False;True
2022_08002005_01;65;238116.528852709;Adolescentes y Adultos;1;False;False;True;False;False;False;False;False;True;False
2022_08011008_02;71;46157.1874171182;Adolescentes y Adultos;1;False;False;True;False;False;False;False;True;False;True
2022_08011018_02;52;52823.708977975;Adolescentes y Adultos;1;False;False;True;False;False;False;False;True;False;True
2022_08011033_01;70;43955.7482932145;Adolescentes y Adultos;1;False;False;True;False;False;False;False;False;False;True
2022_08019028_01;34;384450.091829561;Adolescentes y Adultos;1;False;False;True;False;False;False;False;False;False;False
2022_08019034_03;36;123037.975424478;Adolescentes y Adultos;1;False;False;True;False;False;False;False;True;False;False
2022_08019046_01;49;25707.0693683495;Adolescentes y Adultos;1;False;False;True;False;False;False;False;True;False;False
2022_08019069_01;61;23616.6043867475;Adolescentes y Adultos;1;False;False;True;False;False;False;False;True;False;False
2022_08019080_01;43;33115.8111908532;Adolescentes y Adultos;1;False;False;True;False;False;False;False;True;False;False
2022_08019083_02;35;107541.03634143;Adolescentes y Adultos;1;False;False;True;False;False;False;False;True;False;False
2022_08019090_01;18;45845.9264358118;Adolescentes y Adultos;1;False;False;True;False;False;False;False;True;False;False
2022_08019099_02;35;78756.1919987598;Adolescentes y Adultos;1;False;False;True;False;False;False;False;True;False;False
2022_08021001_03;36;43415.7194875153;Adolescentes y Adultos;1;False;False;True;False;False;False;False;False;False;False
2022_08021025_03;81;52912.7741822572;Adolescentes y Adultos;1;False;False;True;False;False;False;False;True;False;False
2022_08021046_01;88;65287.0843349332;Adolescentes y Adultos;1;False;False;True;False;False;False;False;True;False;False
2022_08021047_01;54;81833.2916588173;Adolescentes y Adultos;1;False;False;True;False;False;False;False;False;False;False
2022_08037007_01;69;51422.4534627496;Adolescentes y Adultos;1;False;False;True;False;False;False;False;False;False;False
2022_08037048_01;49;85242.754320746;Adolescentes y Adultos;1;False;False;True;False;False;False;False;False;False;False
2022_08037059_02;66;119174.47603121;Adolescentes y Adultos;1;False;False;True;False;False;False;False;True;False;False
2022_08037061_04;13;309142.512604235;Adolescentes y Adultos;1;False;False;True;False;False;False;False;True;False;False
2022_08037077_01;62;157677.923176374;Adolescentes y Adultos;1;False;False;True;False;False;False;False;True;False;False
2022_08037110_01;63;42659.0453975354;Adolescentes y Adultos;0;False;False;True;False;False;False;False;True;False;False
2022_08037132_01;67;51745.6015964647;Adolescentes y Adultos;1;False;False;True;False;False;False;False;False;False;False
2022_08037136_01;54;31835.1085056234;Adolescentes y Adultos;1;False;False;True;False;False;False;False;True;False;False
2022_08037137_01;55;79806.6492283782;Adolescentes y Adultos;1;False;False;True;False;False;False;False;False;False;False
2022_08037142_03;51;32556.0352445278;Adolescentes y Adultos;1;False;False;True;False;False;False;False;True;False;False
2022_08037147_02;14;86971.9116439539;Adolescentes y Adultos;1;False;False;True;False;False;False;False;True;False;False
2022_08037170_02;47;38640.4396716806;Adolescentes y Adultos;1;False;False;True;False;False;False;False;True;False;False
2022_08037176_03;16;53050.0589894464;Adolescentes y Adultos;1;False;False;True;False;False;False;False;False;False;False
2022_08050007_01;37;76223.193728162;Adolescentes y Adultos;1;False;False;True;False;False;False;False;False;False;True
2022_08064007_01;34;336607.587174702;Adolescentes y Adultos;1;False;False;True;False;False;False;False;False;True;False
2022_09003009_01;47;102223.302151764;Adolescentes y Adultos;1;False;False;False;False;False;False;False;True;False;False
2022_09003015_01;64;372922.539430139;Adolescentes y Adultos;1;False;False;False;False;False;False;False;False;False;False
2022_09005027_03;35;451447.784121314;Adolescentes y Adultos;1;False;False;False;False;False;False;False;False;False;False
2022_09005036_02;32;198637.726607022;Adolescentes y Adultos;1;False;False;False;False;False;False;False;True;False;False
2022_09005065_04;28;200192.608908984;Adolescentes y Adultos;1;False;False;False;False;False;False;False;True;False;False
2022_09005070_01;40;677088.057589841;Adolescentes y Adultos;1;False;False;False;False;False;False;False;False;False;False
2022_09005084_02;36;191331.108271494;Adolescentes y Adultos;1;False;False;False;False;False;False;False;True;False;False
2022_09006004_01;73;50293.6186338733;Adolescentes y Adultos;1;False;False;False;False;False;False;False;True;False;False
2022_09006008_04;20;249232.496687464;Adolescentes y Adultos;1;False;False;False;False;False;False;False;False;False;False
2022_09006034_01;71;56353.0597319533;Adolescentes y Adultos;1;False;False;False;False;False;False;False;True;False;False
2022_09007016_02;44;196429.589944529;Adolescentes y Adultos;1;False;False;False;False;False;False;False;True;False;False
2022_09007018_01;69;114696.978902426;Adolescentes y Adultos;1;False;False;False;False;False;False;False;True;False;False
2022_09007028_01;73;85956.3586103248;Adolescentes y Adultos;1;False;False;False;False;False;False;False;True;False;False
2022_09007059_02;52;234011.929490339;Adolescentes y Adultos;1;False;False;False;False;False;False;False;True;False;False
2022_09007069_02;16;285140.751908339;Adolescentes y Adultos;1;False;False;False;False;False;False;False;False;False;False
2022_09007098_03;28;123009.654934141;Adolescentes y Adultos;1;False;False;False;False;False;False;False;True;False;False
2022_09007106_02;82;87330.4583522919;Adolescentes y Adultos;0;False;False;False;False;False;False;False;True;False;False
2022_09007126_03;52;132472.734048699;Adolescentes y Adultos;1;False;False;False;False;False;False;False;True;False;False
2022_09007139_01;52;57065.8116325485;Adolescentes y Adultos;1;False;False;False;False;False;False;False;True;False;False
2022_09007139_03;31;141396.215812332;Adolescentes y Adultos;0;False;False;False;False;False;False;False;False;False;False
2022_09007139_04;19;131440.540072846;Adolescentes y Adultos;1;False;False;False;False;False;False;False;True;False;False
2022_09007149_02;29;206553.712243578;Adolescentes y Adultos;1;False;False;False;False;False;False;False;True;False;False
2022_09007160_03;41;89982.8476463739;Adolescentes y Adultos;1;False;False;False;False;False;False;False;True;False;False
2022_09007176_01;66;77603.2328519546;Adolescentes y Adultos;1;False;False;False;False;False;False;False;True;False;False
2022_09007193_03;22;309399.130549538;Adolescentes y Adultos;1;False;False;False;False;False;False;False;False;False;False
2022_09007230_02;66;32274.8013172867;Adolescentes y Adultos;1;False;False;False;False;False;False;False;True;False;False
2022_09007238_01;56;30569.3815896551;Adolescentes y Adultos;1;False;False;False;False;False;False;False;True;False;False
2022_09010025_03;56;114053.522315151;Adolescentes y Adultos;1;False;False;False;False;False;False;False;True;False;False
2022_09010032_02;79;343561.417388075;Adolescentes y Adultos;1;False;False;False;False;False;False;False;False;False;False
2022_09010035_02;82;66874.675314818;Adolescentes y Adultos;1;False;False;False;False;False;False;False;True;False;False
2022_09012016_01;64;131180.154063869;Adolescentes y Adultos;1;False;False;False;False;False;False;False;True;False;False
2022_09013002_01;60;646138.372601341;Adolescentes y Adultos;1;False;False;False;False;False;False;False;False;False;False
2022_09015022_02;49;378023.930908198;Adolescentes y Adultos;1;False;False;False;False;False;False;False;True;False;False
2022_09016030_03;15;279226.706861655;Adolescentes y Adultos;1;False;False;False;False;False;False;False;False;False;False
2022_09017007_04;18;363138.245855268;Adolescentes y Adultos;1;False;False;False;False;False;False;False;True;False;False
2022_09017020_02;32;292394.329378673;Adolescentes y Adultos;1;False;False;False;False;False;False;False;True;False;False
2022_09017028_03;55;180524.704957131;Adolescentes y Adultos;1;False;False;False;False;False;False;False;True;False;False
2022_09017037_06;24;430025.719045248;Adolescentes y Adultos;1;False;False;False;False;False;False;False;True;False;False
2022_10005002_01;70;14588.2747080563;Adolescentes y Adultos;0;False;True;False;False;False;False;False;True;False;False
2022_10005004_04;18;24482.2266365985;Adolescentes y Adultos;1;False;True;False;False;False;False;False;False;False;False
2022_10005019_01;34;67762.2780349697;Adolescentes y Adultos;1;False;True;False;False;False;False;False;False;False;False
2022_10005029_02;71;24831.1058860533;Adolescentes y Adultos;1;False;True;False;False;False;False;False;True;False;False
2022_10005044_01;62;11882.313105383;Adolescentes y Adultos;0;False;True;False;False;False;False;False;True;False;False
2022_10005054_02;56;40632.2116756286;Adolescentes y Adultos;1;False;True;False;False;False;False;False;True;False;False
2022_10007016_02;36;43694.8393661049;Adolescentes y Adultos;0;False;True;False;False;False;False;False;True;False;False
2022_10007016_04;19;47524.3222945734;Adolescentes y Adultos;1;False;True;False;False;False;False;False;False;False;False
2022_10007024_01;45;52699.6160524161;Adolescentes y Adultos;0;False;True;False;False;False;False;False;False;False;False
2022_10007024_02;41;21975.71031625;Adolescentes y Adultos;1;False;True;False;False;False;False;False;True;False;False
2022_10007024_03;19;163109.633903657;Adolescentes y Adultos;1;False;True;False;False;False;False;False;True;False;False
2022_10007046_03;19;36166.9257131568;Adolescentes y Adultos;0;False;True;False;False;False;False;False;False;False;False
2022_10007057_01;83;63788.3640729399;Adolescentes y Adultos;1;False;True;False;False;False;False;False;False;True;False
2022_10007060_02;45;16992.5187534147;Adolescentes y Adultos;1;False;True;False;False;False;False;False;True;True;False
2022_10008014_03;30;61237.0291686505;Adolescentes y Adultos;1;False;True;False;False;False;False;False;False;False;True
2022_10008016_05;18;10216.5819431505;Adolescentes y Adultos;1;False;True;False;False;False;False;False;False;False;True
2022_10008025_01;72;143015.998228121;Adolescentes y Adultos;1;False;True;False;False;False;False;False;False;False;True
2022_10012041_02;32;87834.5498426071;Adolescentes y Adultos;1;False;True;False;False;False;False;False;False;False;True
2022_10012062_02;54;40686.9584785745;Adolescentes y Adultos;1;False;True;False;False;False;False;False;True;False;True
2022_10028019_03;14;116235.910867382;Adolescentes y Adultos;1;False;True;False;False;False;False;False;True;True;False
2022_10028020_01;77;21912.3147830983;Adolescentes y Adultos;0;False;True;False;False;False;False;False;True;True;False
2022_11001006_01;56;11002.509466819;Adolescentes y Adultos;1;False;True;False;False;False;False;False;True;True;False
2022_11001013_02;48;22005.018933638;Adolescentes y Adultos;1;False;True;False;False;False;False;False;True;True;False
2022_11001013_06;14;26312.5579649135;Adolescentes y Adultos;1;False;True;False;False;False;False;False;False;True;False
2022_11001017_01;75;15860.9306217089;Adolescentes y Adultos;1;False;True;False;False;False;False;False;False;True;False
2022_11001028_02;68;30634.4381232999;Adolescentes y Adultos;1;False;True;False;False;False;False;False;True;True;False
2022_11003014_04;23;75355.854329501;Adolescentes y Adultos;1;False;True;False;False;False;False;False;True;False;True
2022_11003021_03;15;129651.276576172;Adolescentes y Adultos;1;False;True;False;False;False;False;False;False;False;True
2022_11003044_03;14;12439.66828164;Adolescentes y Adultos;1;False;True;False;False;False;False;False;True;True;False
2022_11003048_02;39;31989.5209450365;Adolescentes y Adultos;1;False;True;False;False;False;False;False;True;True;False
2022_11003051_03;30;31989.5209450365;Adolescentes y Adultos;1;False;True;False;False;False;False;False;True;True;False
2022_11003058_01;47;9894.97608588538;Adolescentes y Adultos;1;False;True;False;False;False;False;False;False;True;False
2022_11003069_01;48;9894.97608588538;Adolescentes y Adultos;1;False;True;False;False;False;False;False;False;True;False
2022_11005001_01;58;26735.0993805347;Adolescentes y Adultos;1;False;True;False;False;False;False;False;False;False;True
2022_11005002_02;45;15743.740823805;Adolescentes y Adultos;1;False;True;False;False;False;False;False;True;False;True
2022_11005005_02;65;26735.0993805347;Adolescentes y Adultos;1;False;True;False;False;False;False;False;False;False;True
2022_11005011_01;74;32741.6952101845;Adolescentes y Adultos;1;False;True;False;False;False;False;False;False;False;True
2022_11005033_01;46;26027.1774681782;Adolescentes y Adultos;1;False;True;False;False;False;False;False;False;False;True
2022_11005034_04;20;46349.9081026876;Adolescentes y Adultos;1;False;True;False;False;False;False;False;True;False;True
2022_11007032_02;46;32578.6049909174;Adolescentes y Adultos;1;False;True;False;False;False;False;False;True;False;False
2022_11007042_01;58;66413.2451943851;Adolescentes y Adultos;1;False;True;False;False;False;False;False;False;False;False
2022_11007044_04;17;98873.2552209603;Adolescentes y Adultos;1;False;True;False;False;False;False;False;True;False;False
2022_11007065_01;83;37939.6444543898;Adolescentes y Adultos;1;False;True;False;False;False;False;False;False;False;False
2022_11007079_01;64;53684.0077780477;Adolescentes y Adultos;1;False;True;False;False;False;False;False;False;False;False
2022_11007091_02;30;121794.548353532;Adolescentes y Adultos;1;False;True;False;False;False;False;False;True;False;False
2022_11009011_02;71;38435.7799925422;Adolescentes y Adultos;1;False;True;False;False;False;False;False;True;False;True
2022_11009015_01;68;13156.8631512933;Adolescentes y Adultos;1;False;True;False;False;False;False;False;True;False;True
2022_11009025_03;41;11951.694832167;Adolescentes y Adultos;1;False;True;False;False;False;False;False;True;False;True
2022_11009027_02;47;23712.921893704;Adolescentes y Adultos;1;False;True;False;False;False;False;False;True;False;True
2022_11009029_02;22;23903.389664334;Adolescentes y Adultos;1;False;True;False;False;False;False;False;True;False;True
2022_11014013_03;49;47896.8950676295;Adolescentes y Adultos;1;False;True;False;False;False;False;False;True;False;True
2022_11014017_03;21;16093.871401219;Adolescentes y Adultos;1;False;True;False;False;False;False;False;True;False;True
2022_11014023_03;30;20050.5042373991;Adolescentes y Adultos;1;False;True;False;False;False;False;False;True;False;True
2022_11014030_03;18;25938.2349082684;Adolescentes y Adultos;1;False;True;False;False;False;False;False;True;False;True
2022_11014051_02;48;24168.6647177111;Adolescentes y Adultos;1;False;True;False;False;False;False;False;True;True;False
2022_11014061_02;79;41409.8361384006;Adolescentes y Adultos;1;False;True;False;False;False;False;False;True;True;False
2022_11014065_01;40;171429.768865016;Adolescentes y Adultos;1;False;True;False;False;False;False;False;False;True;False
2022_11015001_03;27;28477.2113404903;Adolescentes y Adultos;1;False;True;False;False;False;False;False;True;False;True
2022_11015015_02;46;34266.4310165412;Adolescentes y Adultos;0;False;True;False;False;False;False;False;False;False;True
2022_11015018_03;22;40681.7304864147;Adolescentes y Adultos;1;False;True;False;False;False;False;False;True;False;True
2022_11016006_02;31;72928.4878744443;Adolescentes y Adultos;1;False;True;False;False;False;False;False;True;True;False
2022_11017029_01;41;110537.026981598;Adolescentes y Adultos;1;False;True;False;False;False;False;False;False;False;False
2022_11017045_02;53;37342.5987202097;Adolescentes y Adultos;1;False;True;False;False;False;False;False;True;False;False
2022_11017058_01;59;48953.1759088205;Adolescentes y Adultos;1;False;True;False;False;False;False;False;False;False;False
2022_11017063_01;72;24247.5426370116;Adolescentes y Adultos;1;False;True;False;False;False;False;False;True;False;False
2022_11017072_02;33;43903.3143466036;Adolescentes y Adultos;1;False;True;False;False;False;False;False;True;False;False
2022_11017084_01;74;47187.1897046246;Adolescentes y Adultos;1;False;True;False;False;False;False;False;False;False;False
2022_11017088_01;59;49034.3073000034;Adolescentes y Adultos;1;False;True;False;False;False;False;False;False;False;False
2022_11017088_05;18;73000.221056298;Adolescentes y Adultos;1;False;True;False;False;False;False;False;True;False;False
2022_11018004_02;51;30796.6290454282;Adolescentes y Adultos;1;False;True;False;False;False;False;False;True;False;True
2022_11018005_03;17;65695.5358573409;Adolescentes y Adultos;1;False;True;False;False;False;False;False;False;False;True
2022_11018013_01;73;16936.2511864881;Adolescentes y Adultos;1;False;True;False;False;False;False;False;True;False;True
2022_11018027_01;30;16122.9525889125;Adolescentes y Adultos;1;False;True;False;False;False;False;False;True;False;True
2022_11020025_01;64;25268.3031608606;Adolescentes y Adultos;0;False;True;False;False;False;False;False;True;False;False
2022_11020038_01;80;22900.8623916215;Adolescentes y Adultos;1;False;True;False;False;False;False;False;True;False;False
2022_11020044_02;34;181957.899413864;Adolescentes y Adultos;1;False;True;False;False;False;False;False;False;False;False
2022_11020065_06;60;61633.9923496999;Adolescentes y Adultos;1;False;True;False;False;False;False;False;False;False;False
2022_11020083_02;44;24145.8579826244;Adolescentes y Adultos;1;False;True;False;False;False;False;False;True;False;False
2022_11020102_02;36;56259.5908550445;Adolescentes y Adultos;1;False;True;False;False;False;False;False;True;False;False
2022_11020103_03;18;38994.2865172747;Adolescentes y Adultos;1;False;True;False;False;False;False;False;True;False;False
2022_11020119_02;55;35854.5285706451;Adolescentes y Adultos;1;False;True;False;False;False;False;False;False;False;False
2022_11020122_03;22;80011.0171665538;Adolescentes y Adultos;1;False;True;False;False;False;False;False;True;False;False
2022_11020159_01;43;35716.8763500094;Adolescentes y Adultos;1;False;True;False;False;False;False;False;True;False;False
2022_11020180_01;46;29632.6303991589;Adolescentes y Adultos;1;False;True;False;False;False;False;False;False;False;False
2022_11020180_03;17;44115.8178575519;Adolescentes y Adultos;1;False;True;False;False;False;False;False;True;False;False
2022_11020188_01;30;144290.065772856;Adolescentes y Adultos;1;False;True;False;False;False;False;False;False;False;False
2022_11020192_01;46;17133.7739350517;Adolescentes y Adultos;1;False;True;False;False;False;False;False;False;False;False
2022_11020203_03;21;73542.112694011;Adolescentes y Adultos;1;False;True;False;False;False;False;False;True;False;False
2022_11020222_01;60;22859.5166243765;Adolescentes y Adultos;1;False;True;False;False;False;False;False;False;False;False
2022_11020237_04;13;37548.7781773343;Adolescentes y Adultos;1;False;True;False;False;False;False;False;False;False;False
2022_11020239_01;38;41643.4722487677;Adolescentes y Adultos;1;False;True;False;False;False;False;False;False;False;False
2022_11020241_04;17;29447.4475675521;Adolescentes y Adultos;1;False;True;False;False;False;False;False;True;False;False
2022_11020261_02;46;35079.2168146702;Adolescentes y Adultos;1;False;True;False;False;False;False;False;True;False;False
2022_11020274_01;27;205564.099929059;Adolescentes y Adultos;1;False;True;False;False;False;False;False;False;False;False
2022_11020327_02;53;19932.8810215446;Adolescentes y Adultos;1;False;True;False;False;False;False;False;True;True;False
2022_11020336_04;17;23834.7937290508;Adolescentes y Adultos;0;False;True;False;False;False;False;False;False;True;False
2022_11020340_02;37;64716.2872596158;Adolescentes y Adultos;1;False;True;False;False;False;False;False;True;True;False
2022_11020341_01;47;11822.3413736805;Adolescentes y Adultos;1;False;True;False;False;False;False;False;False;True;False
2022_11020345_01;68;23644.6827473609;Adolescentes y Adultos;1;False;True;False;False;False;False;False;False;True;False
2022_11020355_01;49;23644.6827473609;Adolescentes y Adultos;1;False;True;False;False;False;False;False;False;True;False
2022_11020355_03;23;64716.2872596158;Adolescentes y Adultos;0;False;True;False;False;False;False;False;True;True;False
2022_11023006_02;65;44105.0575414421;Adolescentes y Adultos;1;False;True;False;False;False;False;False;True;False;True
2022_11023011_02;60;75993.7445769802;Adolescentes y Adultos;1;False;True;False;False;False;False;False;True;False;True
2022_11023019_04;19;28591.5001874267;Adolescentes y Adultos;1;False;True;False;False;False;False;False;True;False;True
2022_11023029_02;39;78173.3563306493;Adolescentes y Adultos;1;False;True;False;False;False;False;False;True;False;True
2022_11023035_01;51;17053.5839755212;Adolescentes y Adultos;1;False;True;False;False;False;False;False;True;True;False
2022_11023040_01;45;12292.0008886586;Adolescentes y Adultos;1;False;True;False;False;False;False;False;False;True;False
2022_11023040_02;42;33643.6174257688;Adolescentes y Adultos;0;False;True;False;False;False;False;False;True;True;False
2022_11023046_02;13;26165.7835570623;Adolescentes y Adultos;1;False;True;False;False;False;False;False;True;True;False
2022_11027034_01;58;13340.2963411829;Adolescentes y Adultos;1;False;True;False;False;False;False;False;True;True;False
2022_11027079_02;54;29920.6168959626;Adolescentes y Adultos;1;False;True;False;False;False;False;False;True;True;False
2022_11030021_01;61;48889.6054773172;Adolescentes y Adultos;1;False;True;False;False;False;False;False;False;False;True
2022_11030054_01;57;15046.9565896201;Adolescentes y Adultos;1;False;True;False;False;False;False;False;True;True;False
2022_11032001_03;27;34748.2068766929;Adolescentes y Adultos;1;False;True;False;False;False;False;False;False;True;False
2022_11032002_01;49;8393.6270951873;Adolescentes y Adultos;1;False;True;False;False;False;False;False;True;True;False
2022_11032010_01;75;8393.6270951873;Adolescentes y Adultos;1;False;True;False;False;False;False;False;True;True;False
2022_11032013_04;12;25757.1464328691;Adolescentes y Adultos;1;False;True;False;False;False;False;False;True;True;False
2022_11032034_01;46;7711.64497031158;Adolescentes y Adultos;1;False;True;False;False;False;False;False;True;True;False
2022_11037003_01;61;20505.1260243232;Adolescentes y Adultos;1;False;True;False;False;False;False;False;True;False;True
2022_11037034_01;37;66240.7279470848;Adolescentes y Adultos;1;False;True;False;False;False;False;False;False;True;False
2022_11037043_01;63;11533.1857767543;Adolescentes y Adultos;1;False;True;False;False;False;False;False;False;True;False
2022_11037043_03;37;66240.7279470848;Adolescentes y Adultos;1;False;True;False;False;False;False;False;False;True;False
2022_11037047_02;47;16000.8247583709;Adolescentes y Adultos;1;False;True;False;False;False;False;False;True;True;False
2022_11037047_06;14;36825.7591450851;Adolescentes y Adultos;1;False;True;False;False;False;False;False;True;True;False
2022_11037059_02;66;17384.1010222681;Adolescentes y Adultos;1;False;True;False;False;False;False;False;True;True;False
2022_11037059_03;34;17147.8337023942;Adolescentes y Adultos;1;False;True;False;False;False;False;False;True;True;False
2022_11037060_04;15;20787.0834919895;Adolescentes y Adultos;1;False;True;False;False;False;False;False;False;True;False
2022_11037061_01;51;8692.05051113406;Adolescentes y Adultos;1;False;True;False;False;False;False;False;True;True;False
2022_11041010_03;39;26561.1744805274;Adolescentes y Adultos;1;False;True;False;False;False;False;False;True;False;True
2022_11041010_04;12;56208.9576631585;Adolescentes y Adultos;1;False;True;False;False;False;False;False;False;False;True
2022_11041023_03;21;26879.0004999525;Adolescentes y Adultos;1;False;True;False;False;False;False;False;True;False;True
2022_11041032_01;34;36974.2821415936;Adolescentes y Adultos;1;False;True;False;False;False;False;False;True;False;True
2022_11042013_02;62;45480.0843951591;Adolescentes y Adultos;1;False;True;False;False;False;False;False;True;True;False
2022_11042026_02;15;90052.5717283765;Adolescentes y Adultos;1;False;True;False;False;False;False;False;False;True;False
2022_11042029_02;65;37655.1863286742;Adolescentes y Adultos;1;False;True;False;False;False;False;False;True;True;False
2022_11044001_02;38;59633.2247633693;Adolescentes y Adultos;1;False;True;False;False;False;False;False;True;False;True
2022_11044006_01;36;133568.301418406;Adolescentes y Adultos;1;False;True;False;False;False;False;False;False;False;True
2022_12001078_02;43;247413.63688301;Adolescentes y Adultos;1;False;False;False;False;True;False;False;False;True;False
2022_12001079_01;52;57788.3183771082;Adolescentes y Adultos;1;False;False;False;False;True;False;False;False;True;False
2022_12001079_02;41;45117.372372737;Adolescentes y Adultos;1;False;False;False;False;True;False;False;True;True;False
2022_12001085_01;23;247413.63688301;Adolescentes y Adultos;1;False;False;False;False;True;False;False;False;True;False
2022_12001091_02;72;115576.636754216;Adolescentes y Adultos;1;False;False;False;False;True;False;False;False;True;False
2022_12001097_01;66;51171.5675083981;Adolescentes y Adultos;1;False;False;False;False;True;False;False;False;True;False
2022_12001103_01;72;11953.2313821234;Adolescentes y Adultos;1;False;False;False;False;True;False;False;True;True;False
2022_12001106_01;77;23906.4627642468;Adolescentes y Adultos;1;False;False;False;False;True;False;False;True;True;False
2022_12001125_02;34;87785.35062105;Adolescentes y Adultos;1;False;False;False;False;True;False;False;True;True;False
2022_12001130_04;19;125193.36752084;Adolescentes y Adultos;1;False;False;False;False;True;False;False;True;True;False
2022_12007016_01;28;175938.690272093;Adolescentes y Adultos;1;False;False;False;False;True;False;False;True;False;True
2022_12029022_02;53;60916.9458755409;Adolescentes y Adultos;1;False;False;False;False;True;False;False;True;False;False
2022_12051001_03;13;60623.6598329101;Adolescentes y Adultos;1;False;False;False;False;True;False;False;False;True;False
2022_12051011_01;26;48879.3464111619;Adolescentes y Adultos;1;False;False;False;False;True;False;False;True;True;False
2022_12051014_01;44;48879.3464111619;Adolescentes y Adultos;1;False;False;False;False;True;False;False;True;True;False
2022_12051025_01;50;149537.751723937;Adolescentes y Adultos;1;False;False;False;False;True;False;False;False;True;False
2022_12051027_01;28;58374.6907487736;Adolescentes y Adultos;1;False;False;False;False;True;False;False;True;True;False
2022_12061015_02;59;70371.0561430496;Adolescentes y Adultos;1;False;False;False;False;True;False;False;True;False;True
2022_12061015_04;24;129765.3971504;Adolescentes y Adultos;1;False;False;False;False;True;False;False;True;False;True
2022_12061018_01;59;35185.5280715248;Adolescentes y Adultos;1;False;False;False;False;True;False;False;True;False;True
2022_12061022_02;16;96234.8175894586;Adolescentes y Adultos;1;False;False;False;False;True;False;False;False;False;True
2022_12061031_01;78;40855.4245950506;Adolescentes y Adultos;1;False;False;False;False;True;False;False;True;False;True
2022_12061033_04;24;150676.164005494;Adolescentes y Adultos;1;False;False;False;False;True;False;False;True;False;True
2022_12064008_01;49;172930.588939676;Adolescentes y Adultos;1;False;False;False;False;True;False;False;False;True;False
2022_13027007_02;69;53571.8898367695;Adolescentes y Adultos;1;True;False;False;False;False;False;False;True;True;False
2022_13027015_05;17;95492.1129011459;Adolescentes y Adultos;1;True;False;False;False;False;False;False;False;True;False
2022_13027021_01;72;18790.2927468354;Adolescentes y Adultos;1;True;False;False;False;False;False;False;True;True;False
2022_13027021_02;43;110500.927212419;Adolescentes y Adultos;1;True;False;False;False;False;False;False;False;True;False
2022_13027024_02;12;41589.5552490247;Adolescentes y Adultos;1;True;False;False;False;False;False;False;True;True;False
2022_13027035_02;48;37580.5854936709;Adolescentes y Adultos;1;True;False;False;False;False;False;False;True;True;False
2022_13041008_01;77;16545.775998645;Adolescentes y Adultos;1;True;False;False;False;False;False;False;True;True;False
2022_13041022_01;46;17336.4861100693;Adolescentes y Adultos;1;True;False;False;False;False;False;False;True;True;False
2022_13041028_02;46;26276.608048484;Adolescentes y Adultos;1;True;False;False;False;False;False;False;False;True;False
2022_13041031_04;27;203902.921107017;Adolescentes y Adultos;1;True;False;False;False;False;False;False;False;True;False
2022_13041033_01;57;17336.4861100693;Adolescentes y Adultos;0;True;False;False;False;False;False;False;True;True;False
2022_13041035_01;73;69345.9444402772;Adolescentes y Adultos;1;True;False;False;False;False;False;False;True;True;False
2022_13041038_03;35;30068.9128868729;Adolescentes y Adultos;1;True;False;False;False;False;False;False;True;True;False
2022_13041039_04;14;123609.429794326;Adolescentes y Adultos;1;True;False;False;False;False;False;False;False;True;False
2022_13046006_01;61;77002.4091508506;Adolescentes y Adultos;1;True;False;False;False;False;False;False;False;False;True
2022_13046017_01;59;57348.9616468218;Adolescentes y Adultos;1;True;False;False;False;False;False;False;True;False;True
2022_13046029_02;22;33106.2980711538;Adolescentes y Adultos;1;True;False;False;False;False;False;False;True;False;True
2022_13048021_03;17;81920.7482212566;Adolescentes y Adultos;0;True;False;False;False;False;False;False;True;False;False
2022_13051008_01;67;75596.358534447;Adolescentes y Adultos;0;True;False;False;False;False;False;False;True;False;True
2022_13051017_01;58;310779.900790604;Adolescentes y Adultos;1;True;False;False;False;False;False;False;False;False;True
2022_13051018_01;44;117179.31758313;Adolescentes y Adultos;1;True;False;False;False;False;False;False;True;False;True
2022_13051021_01;46;138593.32397982;Adolescentes y Adultos;1;True;False;False;False;False;False;False;True;False;True
2022_13051028_02;31;338518.028573486;Adolescentes y Adultos;1;True;False;False;False;False;False;False;True;False;True
2022_13056007_02;50;139993.256545272;Adolescentes y Adultos;1;True;False;False;False;False;False;False;True;False;True
2022_13056009_04;15;94703.7855810183;Adolescentes y Adultos;1;True;False;False;False;False;False;False;False;False;True
2022_13056021_02;35;159377.602906538;Adolescentes y Adultos;1;True;False;False;False;False;False;False;True;False;True
2022_13057024_02;39;190806.414244661;Adolescentes y Adultos;1;True;False;False;False;False;False;False;True;True;False
2022_13057025_01;26;646946.987688191;Adolescentes y Adultos;1;True;False;False;False;False;False;False;False;True;False
2022_13057038_03;70;333483.646655712;Adolescentes y Adultos;1;True;False;False;False;False;False;False;False;True;False
2022_13076016_01;45;384462.281953963;Adolescentes y Adultos;1;True;False;False;False;False;False;False;False;False;True
2022_13076049_02;14;121782.908479849;Adolescentes y Adultos;1;True;False;False;False;False;False;False;False;True;False
2022_13076056_04;14;306264.039852414;Adolescentes y Adultos;1;True;False;False;False;False;False;False;False;True;False
2022_13077011_01;65;677501.637945213;Adolescentes y Adultos;1;True;False;False;False;False;False;False;False;False;False
2022_14021005_01;71;215115.69470659;Adolescentes y Adultos;1;False;False;False;False;False;True;False;True;True;False
2022_14021010_02;53;215115.69470659;Adolescentes y Adultos;1;False;False;False;False;False;True;False;True;True;False
2022_14067009_03;32;1005411.97167228;Adolescentes y Adultos;1;False;False;False;False;False;True;False;False;False;False
2022_14067025_01;48;1145273.0210817;Adolescentes y Adultos;1;False;False;False;False;False;True;False;False;False;False
2022_14093005_01;62;824976.044878988;Adolescentes y Adultos;1;False;False;False;False;False;True;False;True;False;True
2022_14097025_02;18;785164.89423393;Adolescentes y Adultos;0;False;False;False;False;False;True;False;True;False;True
2022_14098004_01;56;492819.153332173;Adolescentes y Adultos;1;False;False;False;False;False;True;False;True;False;False
2022_14098008_02;28;540478.324541321;Adolescentes y Adultos;1;False;False;False;False;False;True;False;True;False;False
2022_15012005_01;38;314250.507650373;Adolescentes y Adultos;0;False;False;False;False;False;False;False;False;False;True
2022_15012017_01;69;28181.301994476;Adolescentes y Adultos;1;False;False;False;False;False;False;False;False;False;True
2022_15025010_02;18;374612.909086343;Adolescentes y Adultos;1;False;False;False;False;False;False;False;False;False;False
2022_15031005_01;67;125145.847435598;Adolescentes y Adultos;1;False;False;False;False;False;False;False;True;False;False
2022_15031013_03;41;370279.778634242;Adolescentes y Adultos;1;False;False;False;False;False;False;False;True;False;False
2022_15031015_02;34;332923.34780641;Adolescentes y Adultos;0;False;False;False;False;False;False;False;True;False;False
2022_15031016_05;16;383993.07384635;Adolescentes y Adultos;1;False;False;False;False;False;False;False;False;False;False
2022_15031018_05;14;146151.999112231;Adolescentes y Adultos;1;False;False;False;False;False;False;False;True;False;False
2022_15031031_02;59;282038.001297429;Adolescentes y Adultos;1;False;False;False;False;False;False;False;True;False;False
2022_15033004_01;47;88608.9250588755;Adolescentes y Adultos;1;False;False;False;False;False;False;False;True;False;False
2022_15033007_02;37;135773.166455768;Adolescentes y Adultos;1;False;False;False;False;False;False;False;True;False;False
2022_15033020_01;35;332183.303370109;Adolescentes y Adultos;1;False;False;False;False;False;False;False;False;False;False
2022_15033031_01;65;86208.6326585465;Adolescentes y Adultos;1;False;False;False;False;False;False;False;True;False;False
2022_15033054_02;38;409615.570687948;Adolescentes y Adultos;1;False;False;False;False;False;False;False;True;False;False
2022_15033062_01;46;326251.774442839;Adolescentes y Adultos;1;False;False;False;False;False;False;False;False;False;False
2022_15033101_01;62;560863.221884427;Adolescentes y Adultos;1;False;False;False;False;False;False;False;True;False;False
2022_15037020_02;47;133333.143799837;Adolescentes y Adultos;1;False;False;False;False;False;False;False;True;False;True
2022_15037038_01;46;142221.213440069;Adolescentes y Adultos;1;False;False;False;False;False;False;False;True;False;True
2022_15039031_02;64;227959.720585255;Adolescentes y Adultos;1;False;False;False;False;False;False;False;True;True;False
2022_15039037_03;20;130894.83477727;Adolescentes y Adultos;1;False;False;False;False;False;False;False;True;True;False
2022_15039041_03;21;130894.83477727;Adolescentes y Adultos;1;False;False;False;False;False;False;False;True;True;False
2022_15054006_03;88;95182.4956045423;Adolescentes y Adultos;1;False;False;False;False;False;False;False;True;False;True
2022_15054013_02;44;133249.935278794;Adolescentes y Adultos;1;False;False;False;False;False;False;False;True;False;True
2022_15054015_05;19;435205.001938117;Adolescentes y Adultos;1;False;False;False;False;False;False;False;False;False;True
2022_15054016_02;53;67730.9402684614;Adolescentes y Adultos;1;False;False;False;False;False;False;False;True;False;True
2022_15054026_02;43;160706.966050526;Adolescentes y Adultos;1;False;False;False;False;False;False;False;True;False;True
2022_15054028_01;45;73710.0848014964;Adolescentes y Adultos;1;False;False;False;False;False;False;False;False;False;True
2022_15058009_05;15;191673.261840348;Adolescentes y Adultos;1;False;False;False;False;False;False;False;True;False;False
2022_15058035_01;29;447092.511919101;Adolescentes y Adultos;1;False;False;False;False;False;False;False;False;False;False
2022_15070006_01;75;210633.635323763;Adolescentes y Adultos;1;False;False;False;False;False;False;False;False;False;True
2022_15070008_03;31;584498.25143881;Adolescentes y Adultos;1;False;False;False;False;False;False;False;False;False;True
2022_15070021_01;60;217798.044688517;Adolescentes y Adultos;1;False;False;False;False;False;False;False;False;False;True
2022_15070022_01;66;45143.5304068356;Adolescentes y Adultos;1;False;False;False;False;False;False;False;True;False;True
2022_15070024_02;18;661594.905239641;Adolescentes y Adultos;1;False;False;False;False;False;False;False;True;False;True
2022_15082007_01;30;40766.6441977062;Adolescentes y Adultos;1;False;False;False;False;False;False;False;True;True;False
2022_15082015_01;26;57447.2358718994;Adolescentes y Adultos;1;False;False;False;False;False;False;False;False;True;False
2022_15082020_02;30;31936.2572110485;Adolescentes y Adultos;1;False;False;False;False;False;False;False;True;True;False
2022_15082029_02;39;24812.0378302042;Adolescentes y Adultos;1;False;False;False;False;False;False;False;True;True;False
2022_15092015_03;27;278655.956465374;Adolescentes y Adultos;1;False;False;False;False;False;False;False;True;False;True
2022_15092025_01;65;54896.5257281766;Adolescentes y Adultos;1;False;False;False;False;False;False;False;True;False;True
2022_15104001_02;36;273547.869620343;Adolescentes y Adultos;1;False;False;False;False;False;False;False;True;False;False
2022_15104006_02;56;178524.102456582;Adolescentes y Adultos;1;False;False;False;False;False;False;False;True;False;False
2022_15104009_01;36;217221.263954676;Adolescentes y Adultos;1;False;False;False;False;False;False;False;True;False;False
2022_15104025_02;41;125577.352666803;Adolescentes y Adultos;1;False;False;False;False;False;False;False;True;False;False
2022_15104027_03;44;324120.418075098;Adolescentes y Adultos;1;False;False;False;False;False;False;False;False;False;False
2022_15106017_01;34;763937.155784412;Adolescentes y Adultos;1;False;False;False;False;False;False;False;False;False;True
2022_15106025_03;73;233426.459808773;Adolescentes y Adultos;1;False;False;False;False;False;False;False;True;False;True
2022_15109008_02;35;405390.091212406;Adolescentes y Adultos;1;False;False;False;False;False;False;False;True;False;False
2022_15109011_01;55;276955.789357106;Adolescentes y Adultos;1;False;False;False;False;False;False;False;False;False;False
2022_15109015_01;53;327265.716369112;Adolescentes y Adultos;1;False;False;False;False;False;False;False;False;False;False
2022_15109031_01;63;258135.264278688;Adolescentes y Adultos;1;False;False;False;False;False;False;False;False;False;False
2022_15115003_02;52;90481.9068959008;Adolescentes y Adultos;1;False;False;False;False;False;False;False;True;False;True
2022_15115015_01;61;75943.9283815103;Adolescentes y Adultos;1;False;False;False;False;False;False;False;True;False;True
2022_15115033_02;44;309760.870122349;Adolescentes y Adultos;1;False;False;False;False;False;False;False;False;False;True
2022_15118003_03;34;33378.0976316991;Adolescentes y Adultos;1;False;False;False;False;False;False;False;True;True;False
2022_15118022_01;64;164074.058463397;Adolescentes y Adultos;1;False;False;False;False;False;False;False;True;True;False
2022_15118024_04;21;157019.309658923;Adolescentes y Adultos;1;False;False;False;False;False;False;False;True;True;False
2022_15118028_02;29;88506.9202622913;Adolescentes y Adultos;0;False;False;False;False;False;False;False;False;True;False
2022_15118030_02;24;62807.7238635692;Adolescentes y Adultos;1;False;False;False;False;False;False;False;True;True;False
2022_15122017_04;15;215583.689080093;Adolescentes y Adultos;1;False;False;False;False;False;False;False;True;False;False
2022_15122028_01;71;632101.720714049;Adolescentes y Adultos;1;False;False;False;False;False;False;False;False;False;False
2022_16006009_01;71;156974.464724156;Adolescentes y Adultos;1;False;False;False;False;False;True;False;False;False;False
2022_16006025_01;39;55853.1628891688;Adolescentes y Adultos;1;False;False;False;False;False;True;False;False;False;False
2022_16015014_02;81;173992.536742596;Adolescentes y Adultos;1;False;False;False;False;False;True;False;True;False;True
2022_16019004_01;52;39876.4085613437;Adolescentes y Adultos;1;False;False;False;False;False;True;False;True;True;False
2022_16019018_01;39;216949.249987566;Adolescentes y Adultos;1;False;False;False;False;False;True;False;False;True;False
2022_16019020_03;32;216949.249987566;Adolescentes y Adultos;1;False;False;False;False;False;True;False;False;True;False
2022_16052007_01;42;155915.939838991;Adolescentes y Adultos;1;False;False;False;False;False;True;False;False;True;False
2022_16052011_02;46;49894.5404733317;Adolescentes y Adultos;1;False;False;False;False;False;True;False;True;True;False
2022_16052011_04;17;272437.969221853;Adolescentes y Adultos;1;False;False;False;False;False;True;False;True;True;False
2022_16052016_02;51;24947.2702366658;Adolescentes y Adultos;0;False;False;False;False;False;True;False;True;True;False
2022_16053011_03;13;965375.572002106;Adolescentes y Adultos;1;False;False;False;False;False;True;False;True;False;False
2022_16053023_03;24;130977.737060637;Adolescentes y Adultos;1;False;False;False;False;False;True;False;True;False;False
2022_16053024_02;42;130977.737060637;Adolescentes y Adultos;1;False;False;False;False;False;True;False;True;False;False
2022_16082007_01;58;128024.816583976;Adolescentes y Adultos;1;False;False;False;False;False;True;False;False;False;True
2022_16082007_03;34;774608.291978165;Adolescentes y Adultos;0;False;False;False;False;False;True;False;True;False;True
2022_16082008_02;76;65536.5132513209;Adolescentes y Adultos;1;False;False;False;False;False;True;False;False;False;True
2022_16082010_03;21;594645.803810663;Adolescentes y Adultos;1;False;False;False;False;False;True;False;False;False;True
2022_16082027_01;43;427027.648141809;Adolescentes y Adultos;1;False;False;False;False;False;True;False;True;False;True
2022_16102015_02;27;122480.263736584;Adolescentes y Adultos;1;False;False;False;False;False;True;False;True;False;False
2022_16102016_01;38;164922.270082963;Adolescentes y Adultos;1;False;False;False;False;False;True;False;False;False;False
2022_16102032_03;20;62123.8278548475;Adolescentes y Adultos;1;False;False;False;False;False;True;False;True;False;False
2022_16107010_01;44;156790.285207608;Adolescentes y Adultos;1;False;False;False;False;False;True;False;False;True;False
2022_16107024_02;22;137452.546079259;Adolescentes y Adultos;1;False;False;False;False;False;True;False;True;True;False
2022_17006001_02;55;18280.1272603693;Adolescentes y Adultos;1;False;False;False;False;True;False;False;True;False;False
2022_17006031_01;61;16550.9260330371;Adolescentes y Adultos;1;False;False;False;False;True;False;False;True;False;False
2022_17007018_01;63;85775.587844929;Adolescentes y Adultos;1;False;False;False;False;True;False;False;False;False;False
2022_17007022_01;48;15186.0131093039;Adolescentes y Adultos;1;False;False;False;False;True;False;False;True;False;False
2022_17007023_02;34;24561.7029024971;Adolescentes y Adultos;1;False;False;False;False;True;False;False;True;False;False
2022_17007031_02;40;29859.6921718619;Adolescentes y Adultos;1;False;False;False;False;True;False;False;True;False;False
2022_17007055_01;68;128663.381767393;Adolescentes y Adultos;1;False;False;False;False;True;False;False;False;False;False
2022_17007058_03;42;96778.4489364696;Adolescentes y Adultos;1;False;False;False;False;True;False;False;True;False;False
2022_17008017_04;19;30902.4709851058;Adolescentes y Adultos;1;False;False;False;False;True;False;False;True;False;True
2022_17008032_02;62;346548.383651268;Adolescentes y Adultos;1;False;False;False;False;True;False;False;True;False;True
2022_17011008_03;20;32947.3063163452;Adolescentes y Adultos;1;False;False;False;False;True;False;False;True;False;False
2022_17011014_01;70;95222.2384886437;Adolescentes y Adultos;1;False;False;False;False;True;False;False;False;False;False
2022_17011036_03;24;177832.859468263;Adolescentes y Adultos;1;False;False;False;False;True;False;False;False;False;True
2022_17018005_02;12;109053.94206898;Adolescentes y Adultos;1;False;False;False;False;True;False;False;False;False;False
2022_17018010_05;17;93638.1634812945;Adolescentes y Adultos;1;False;False;False;False;True;False;False;True;False;False
2022_17018029_01;60;8360.01611519718;Adolescentes y Adultos;1;False;False;False;False;True;False;False;True;False;False
2022_17018030_05;17;287349.609326431;Adolescentes y Adultos;1;False;False;False;False;True;False;False;True;False;False
2022_17018031_05;16;61938.0483784077;Adolescentes y Adultos;1;False;False;False;False;True;False;False;False;False;False
2022_17018034_01;68;8360.01611519718;Adolescentes y Adultos;1;False;False;False;False;True;False;False;True;False;False
2022_17019007_01;70;154771.128364797;Adolescentes y Adultos;1;False;False;False;False;True;False;False;False;False;True
2022_17019013_03;29;23204.5841009455;Adolescentes y Adultos;1;False;False;False;False;True;False;False;True;False;True
2022_17019017_03;15;16811.5509722414;Adolescentes y Adultos;1;False;False;False;False;True;False;False;False;False;True
2022_17019023_02;81;33217.8876382136;Adolescentes y Adultos;1;False;False;False;False;True;False;False;True;False;True
2022_17019032_01;55;14073.8944993484;Adolescentes y Adultos;1;False;False;False;False;True;False;False;True;False;True
2022_17024006_01;48;58944.9352420728;Adolescentes y Adultos;1;False;False;False;False;True;False;False;False;True;False
2022_17024006_04;13;57077.7700550684;Adolescentes y Adultos;1;False;False;False;False;True;False;False;False;True;False
2022_17024022_03;24;159792.221477132;Adolescentes y Adultos;1;False;False;False;False;True;False;False;True;True;False
2022_17028030_01;30;334353.347348261;Adolescentes y Adultos;0;False;False;False;False;True;False;False;False;False;True
2022_17036004_01;43;93627.9212256458;Adolescentes y Adultos;1;False;False;False;False;True;False;False;False;False;True
2022_17036016_02;51;31297.0981547762;Adolescentes y Adultos;1;False;False;False;False;True;False;False;True;False;True
2022_17036019_03;22;63879.919498434;Adolescentes y Adultos;1;False;False;False;False;True;False;False;False;False;True
2022_18015008_02;28;42653.6452142363;Adolescentes y Adultos;1;False;False;False;True;False;False;False;True;False;True
2022_18015009_02;38;21326.8226071182;Adolescentes y Adultos;1;False;False;False;True;False;False;False;True;False;True
2022_18015012_03;12;144778.44936897;Adolescentes y Adultos;0;False;False;False;True;False;False;False;False;False;True
2022_18015015_01;56;90474.5905591706;Adolescentes y Adultos;1;False;False;False;True;False;False;False;True;False;True
2022_18017021_03;33;33875.8215965065;Adolescentes y Adultos;1;False;False;False;True;False;False;False;True;False;False
2022_18017044_01;42;51997.6230815958;Adolescentes y Adultos;1;False;False;False;True;False;False;False;False;False;False
2022_18017060_03;34;21985.4082161328;Adolescentes y Adultos;1;False;False;False;True;False;False;False;True;False;False
2022_18017060_07;78;88756.8005319139;Adolescentes y Adultos;1;False;False;False;True;False;False;False;False;False;False
2022_18017061_01;50;20272.5229551767;Adolescentes y Adultos;1;False;False;False;True;False;False;False;True;False;False
2022_18017069_01;42;30660.5563748353;Adolescentes y Adultos;1;False;False;False;True;False;False;False;True;True;False
2022_18017078_02;20;61321.1127496706;Adolescentes y Adultos;1;False;False;False;True;False;False;False;True;True;False
2022_18017102_01;28;31762.9458100981;Adolescentes y Adultos;1;False;False;False;True;False;False;False;True;True;False
2022_19006072_01;74;166840.468780063;Adolescentes y Adultos;1;False;False;True;False;False;False;False;True;False;False
2022_19006091_01;59;166840.468780063;Adolescentes y Adultos;1;False;False;True;False;False;False;False;False;False;False
2022_19006108_01;41;86627.6018274897;Adolescentes y Adultos;1;False;False;True;False;False;False;False;False;False;False
2022_19006133_03;19;29411.0394217848;Adolescentes y Adultos;1;False;False;True;False;False;False;False;False;False;False
2022_19006136_05;19;39710.5140159312;Adolescentes y Adultos;1;False;False;True;False;False;False;False;True;False;False
2022_19006140_01;37;20554.568475149;Adolescentes y Adultos;1;False;False;True;False;False;False;False;True;False;False
2022_19006142_01;41;59569.7893902054;Adolescentes y Adultos;1;False;False;True;False;False;False;False;False;False;True
2022_19006146_01;40;59569.7893902054;Adolescentes y Adultos;1;False;False;True;False;False;False;False;False;False;True
2022_19006147_04;16;18102.7101666099;Adolescentes y Adultos;1;False;False;True;False;False;False;False;True;False;True
2022_19006164_01;33;19039.5833694412;Adolescentes y Adultos;0;False;False;True;False;False;False;False;True;False;True
2022_19006178_01;39;52682.7682848161;Adolescentes y Adultos;1;False;False;True;False;False;False;False;False;False;True
2022_19007005_04;20;119006.782152195;Adolescentes y Adultos;1;False;False;True;False;False;False;False;False;True;False
2022_19007015_03;15;25765.785991665;Adolescentes y Adultos;1;False;False;True;False;False;False;False;False;True;False
2022_19009011_02;48;95394.9774629688;Adolescentes y Adultos;1;False;False;True;False;False;False;False;True;False;True
2022_19012003_03;35;22496.0000426628;Adolescentes y Adultos;1;False;False;True;False;False;False;False;True;False;True
2022_19012016_02;56;31130.875009245;Adolescentes y Adultos;1;False;False;True;False;False;False;False;False;False;True
2022_19012018_02;58;62618.241616718;Adolescentes y Adultos;1;False;False;True;False;False;False;False;True;False;True
2022_19018007_03;56;24396.4049429452;Adolescentes y Adultos;1;False;False;True;False;False;False;False;True;False;False
2022_19018009_01;39;23295.2942043759;Adolescentes y Adultos;1;False;False;True;False;False;False;False;True;False;False
2022_19018018_02;46;24145.0480435331;Adolescentes y Adultos;1;False;False;True;False;False;False;False;True;False;False
2022_19018027_01;52;47609.0277250956;Adolescentes y Adultos;1;False;False;True;False;False;False;False;False;False;False
2022_19018041_02;60;22812.415052856;Adolescentes y Adultos;1;False;False;True;False;False;False;False;False;False;False
2022_19018041_03;20;72134.3175568875;Adolescentes y Adultos;1;False;False;True;False;False;False;False;False;False;False
2022_19018056_02;38;56250.4031351017;Adolescentes y Adultos;1;False;False;True;False;False;False;False;True;False;False
2022_19018073_01;25;60826.1698502868;Adolescentes y Adultos;1;False;False;True;False;False;False;False;False;False;False
2022_19018080_02;37;32326.9753213353;Adolescentes y Adultos;1;False;False;True;False;False;False;False;True;False;False
2022_19018106_02;28;117551.93445891;Adolescentes y Adultos;1;False;False;True;False;False;False;False;True;False;True
2022_19018124_01;54;36095.3968778801;Adolescentes y Adultos;1;False;False;True;False;False;False;False;True;False;True
2022_19021005_01;53;32385.020916545;Adolescentes y Adultos;1;False;False;True;False;False;False;False;False;False;False
2022_19021042_02;41;36167.0941702299;Adolescentes y Adultos;1;False;False;True;False;False;False;False;False;False;False
2022_19021053_03;17;74009.2933399193;Adolescentes y Adultos;1;False;False;True;False;False;False;False;False;False;False
2022_19021055_01;60;55993.7571584635;Adolescentes y Adultos;1;False;False;True;False;False;False;False;False;False;False
2022_19021062_05;76;89694.5838353317;Adolescentes y Adultos;1;False;False;True;False;False;False;False;False;False;False
2022_19021074_01;45;42998.2068995515;Adolescentes y Adultos;1;False;False;True;False;False;False;False;False;False;False
2022_19021083_02;30;23167.2273300375;Adolescentes y Adultos;1;False;False;True;False;False;False;False;True;False;False
2022_19021083_03;12;33149.430362451;Adolescentes y Adultos;1;False;False;True;False;False;False;False;False;False;False
2022_19021084_01;41;79304.9114795056;Adolescentes y Adultos;1;False;False;True;False;False;False;False;False;False;False
2022_19021098_02;49;35847.533014824;Adolescentes y Adultos;1;False;False;True;False;False;False;False;True;False;False
2022_19021109_01;35;56702.3223179095;Adolescentes y Adultos;1;False;False;True;False;False;False;False;False;False;False
2022_19021123_02;19;23689.2579617258;Adolescentes y Adultos;1;False;False;True;False;False;False;False;True;False;True
2022_19021125_02;31;32041.1324062387;Adolescentes y Adultos;1;False;False;True;False;False;False;False;True;False;True
2022_19021129_02;44;32041.1324062387;Adolescentes y Adultos;1;False;False;True;False;False;False;False;True;False;True
2022_19021129_03;15;21169.0411120231;Adolescentes y Adultos;1;False;False;True;False;False;False;False;True;False;True
2022_19021137_02;35;27574.5690178114;Adolescentes y Adultos;1;False;False;True;False;False;False;False;True;False;True
2022_19021137_03;13;36436.1145407403;Adolescentes y Adultos;1;False;False;True;False;False;False;False;True;False;True
2022_19026016_02;29;162802.651003263;Adolescentes y Adultos;1;False;False;True;False;False;False;False;True;False;False
2022_19026072_01;70;40159.9961762712;Adolescentes y Adultos;1;False;False;True;False;False;False;False;False;False;False
2022_19026137_02;20;17502.1546551317;Adolescentes y Adultos;1;False;False;True;False;False;False;False;True;False;False
2022_19026193_02;31;68618.7146678198;Adolescentes y Adultos;1;False;False;True;False;False;False;False;True;False;False
2022_19031008_02;31;88636.9988795542;Adolescentes y Adultos;1;False;False;True;False;False;False;False;True;False;False
2022_19031008_03;13;85621.3739196755;Adolescentes y Adultos;1;False;False;True;False;False;False;False;True;False;False
2022_19031033_03;31;69652.6124236262;Adolescentes y Adultos;1;False;False;True;False;False;False;False;True;False;False
2022_19031056_01;30;122653.623707736;Adolescentes y Adultos;1;False;False;True;False;False;False;False;False;False;False
2022_19031075_02;56;21270.1474665964;Adolescentes y Adultos;1;False;False;True;False;False;False;False;True;False;False
2022_19031083_02;50;23268.1204188097;Adolescentes y Adultos;1;False;False;True;False;False;False;False;True;False;False
2022_19031089_03;30;12152.7768495392;Adolescentes y Adultos;1;False;False;True;False;False;False;False;True;False;False
2022_19031105_01;40;25551.2739082939;Adolescentes y Adultos;1;False;False;True;False;False;False;False;True;False;False
2022_19031109_04;14;61069.4035452231;Adolescentes y Adultos;1;False;False;True;False;False;False;False;True;False;False
2022_19031120_02;26;139378.462539574;Adolescentes y Adultos;1;False;False;True;False;False;False;False;False;False;True
2022_19031132_01;64;28451.1336293065;Adolescentes y Adultos;1;False;False;True;False;False;False;False;True;False;True
2022_19032002_02;13;15108.2741500395;Adolescentes y Adultos;1;False;False;True;False;False;False;False;False;False;True
2022_19032007_01;85;56241.9368262401;Adolescentes y Adultos;1;False;False;True;False;False;False;False;True;False;True
2022_19032010_03;20;19791.6082570493;Adolescentes y Adultos;1;False;False;True;False;False;False;False;True;False;True
2022_19032014_03;16;12684.8240925794;Adolescentes y Adultos;1;False;False;True;False;False;False;False;False;False;True
2022_19032020_03;17;65005.2182519211;Adolescentes y Adultos;1;False;False;True;False;False;False;False;True;False;True
2022_19032021_03;33;16398.4817426243;Adolescentes y Adultos;1;False;False;True;False;False;False;False;True;False;True
2022_19032025_02;33;32796.9634852486;Adolescentes y Adultos;1;False;False;True;False;False;False;False;True;False;True
2022_19039013_01;88;18358.8553948668;Adolescentes y Adultos;1;False;False;True;False;False;False;False;False;False;False
2022_19039069_01;79;42613.5323049497;Adolescentes y Adultos;1;False;False;True;False;False;False;False;True;False;False
2022_19039098_01;69;74198.4174878217;Adolescentes y Adultos;1;False;False;True;False;False;False;False;False;False;False
2022_19039102_02;38;79049.2536537844;Adolescentes y Adultos;1;False;False;True;False;False;False;False;True;False;False
2022_19039110_01;66;27368.2402035793;Adolescentes y Adultos;1;False;False;True;False;False;False;False;True;False;False
2022_19039140_02;32;35498.1667703391;Adolescentes y Adultos;1;False;False;True;False;False;False;False;True;False;False
2022_19039151_03;21;41823.2946675995;Adolescentes y Adultos;1;False;False;True;False;False;False;False;True;False;False
2022_19039152_02;24;71583.7211364276;Adolescentes y Adultos;1;False;False;True;False;False;False;False;False;False;False
2022_19039157_03;15;51435.6620078542;Adolescentes y Adultos;0;False;False;True;False;False;False;False;True;False;False
2022_19039194_01;51;40787.4961165254;Adolescentes y Adultos;1;False;False;True;False;False;False;False;False;False;False
2022_19039195_06;16;107821.082844857;Adolescentes y Adultos;1;False;False;True;False;False;False;False;False;False;False
2022_19039196_02;76;72136.8980068301;Adolescentes y Adultos;1;False;False;True;False;False;False;False;True;False;False
2022_19039218_02;61;18446.458324654;Adolescentes y Adultos;1;False;False;True;False;False;False;False;True;False;False
2022_19041035_03;16;39049.0778031791;Adolescentes y Adultos;1;False;False;True;False;False;False;False;False;False;True
2022_19046033_01;65;37242.2042921593;Adolescentes y Adultos;1;False;False;True;False;False;False;False;True;False;False
2022_19046071_01;72;84335.9919701695;Adolescentes y Adultos;1;False;False;True;False;False;False;False;False;False;False
2022_19046072_02;69;56223.9946467796;Adolescentes y Adultos;1;False;False;True;False;False;False;False;False;False;False
2022_19048033_03;29;200905.601757679;Adolescentes y Adultos;1;False;False;True;False;False;False;False;False;False;False
2022_19048034_03;21;125844.296786626;Adolescentes y Adultos;1;False;False;True;False;False;False;False;True;False;False
2022_19048035_03;19;60022.5294322138;Adolescentes y Adultos;1;False;False;True;False;False;False;False;False;False;False
2022_20002007_01;57;22542.1106700079;Adolescentes y Adultos;1;False;False;False;False;True;False;False;True;True;False
2022_20039002_01;24;399023.185304173;Adolescentes y Adultos;1;False;False;False;False;True;False;False;False;False;True
2022_20039009_01;43;412782.605487075;Adolescentes y Adultos;1;False;False;False;False;True;False;False;False;False;True
2022_20039010_01;37;232666.580352287;Adolescentes y Adultos;1;False;False;False;False;True;False;False;False;False;True
2022_20039023_03;43;598534.777956259;Adolescentes y Adultos;1;False;False;False;False;True;False;False;False;False;True
2022_20067006_01;43;426270.436072481;Adolescentes y Adultos;1;False;False;False;False;True;False;False;True;False;False
2022_20076005_01;45;95729.7135135457;Adolescentes y Adultos;1;False;False;False;False;True;False;False;False;True;False
2022_20076009_02;65;22361.6252440186;Adolescentes y Adultos;1;False;False;False;False;True;False;False;True;True;False
2022_20076011_02;56;22361.6252440186;Adolescentes y Adultos;1;False;False;False;False;True;False;False;True;True;False
2022_20076012_06;14;139046.006741484;Adolescentes y Adultos;1;False;False;False;False;True;False;False;False;True;False
2022_20076016_01;64;95729.7135135457;Adolescentes y Adultos;1;False;False;False;False;True;False;False;False;True;False
2022_20076030_02;51;24831.7857190086;Adolescentes y Adultos;1;False;False;False;False;True;False;False;True;True;False
2022_20258006_02;65;147754.873126647;Adolescentes y Adultos;1;False;False;False;False;True;False;False;True;True;False
2022_20258009_03;24;246921.526773072;Adolescentes y Adultos;1;False;False;False;False;True;False;False;True;True;False
2022_20258014_03;68;221632.309689971;Adolescentes y Adultos;1;False;False;False;False;True;False;False;True;True;False
2022_20339006_02;66;40566.5448864962;Adolescentes y Adultos;1;False;False;False;False;True;False;False;True;True;False
2022_20339010_02;30;135586.095907594;Adolescentes y Adultos;0;False;False;False;False;True;False;False;True;True;False
2022_20339014_02;42;135586.095907594;Adolescentes y Adultos;1;False;False;False;False;True;False;False;True;True;False
2022_20339019_03;35;115707.484014367;Adolescentes y Adultos;1;False;False;False;False;True;False;False;True;True;False
2022_20339022_01;63;148203.243522153;Adolescentes y Adultos;1;False;False;False;False;True;False;False;False;True;False
2022_20390005_01;51;61222.5062522375;Adolescentes y Adultos;1;False;False;False;False;True;False;False;True;False;True
2022_20390028_02;59;170969.517459952;Adolescentes y Adultos;1;False;False;False;False;True;False;False;True;False;True
2022_20515008_03;15;70533.671265181;Adolescentes y Adultos;1;False;False;False;False;True;False;False;False;False;True
2022_20515015_02;58;55384.7602148918;Adolescentes y Adultos;1;False;False;False;False;True;False;False;True;False;True
2022_20515027_03;18;99970.4141111957;Adolescentes y Adultos;1;False;False;False;False;True;False;False;False;False;True
2022_21010008_01;45;107427.392361232;Adolescentes y Adultos;1;False;False;False;False;True;False;False;True;False;True
2022_21085002_02;30;86008.8908727283;Adolescentes y Adultos;1;False;False;False;False;True;False;False;True;False;True
2022_21085011_02;27;130532.694596399;Adolescentes y Adultos;1;False;False;False;False;True;False;False;True;False;True
2022_21085028_01;73;337131.29457201;Adolescentes y Adultos;1;False;False;False;False;True;False;False;False;False;True
2022_21114010_04;44;633369.256793808;Adolescentes y Adultos;1;False;False;False;False;True;False;False;True;False;False
2022_21114014_01;53;130533.210921665;Adolescentes y Adultos;1;False;False;False;False;True;False;False;True;False;False
2022_21114051_01;85;130533.210921665;Adolescentes y Adultos;1;False;False;False;False;True;False;False;True;False;False
2022_21114058_03;70;391599.632764997;Adolescentes y Adultos;1;False;False;False;False;True;False;False;True;False;False
2022_21119009_05;18;543206.883416374;Adolescentes y Adultos;1;False;False;False;False;True;False;False;True;False;True
2022_21147004_02;40;147930.222094486;Adolescentes y Adultos;1;False;False;False;False;True;False;False;True;True;False
2022_21147013_01;61;378951.092336137;Adolescentes y Adultos;1;False;False;False;False;True;False;False;False;True;False
2022_21148009_02;46;77959.4618176996;Adolescentes y Adultos;1;False;False;False;False;True;False;False;True;False;True
2022_21148021_03;15;112305.712597047;Adolescentes y Adultos;1;False;False;False;False;True;False;False;True;False;True
2022_21212001_01;50;63268.9988584513;Adolescentes y Adultos;1;False;False;False;False;True;False;False;True;True;False
2022_21212005_01;50;63268.9988584513;Adolescentes y Adultos;1;False;False;False;False;True;False;False;True;True;False
2022_21212015_04;13;524547.540458243;Adolescentes y Adultos;1;False;False;False;False;True;False;False;False;True;False
2022_22001005_02;40;46130.7331665648;Adolescentes y Adultos;1;False;True;False;False;False;False;False;True;False;True
2022_22001015_01;37;89977.303351692;Adolescentes y Adultos;1;False;True;False;False;False;False;False;True;False;True
2022_22004018_05;15;49952.0277278341;Adolescentes y Adultos;1;False;True;False;False;False;False;False;False;True;False
2022_22011026_03;19;178126.429199372;Adolescentes y Adultos;1;False;True;False;False;False;False;False;True;False;True
2022_22012022_02;68;65722.869183087;Adolescentes y Adultos;1;False;True;False;False;False;False;False;True;False;True
2022_22014024_01;29;160705.225869535;Adolescentes y Adultos;1;False;True;False;False;False;False;False;True;False;False
2022_22014046_02;58;94013.4923494637;Adolescentes y Adultos;1;False;True;False;False;False;False;False;True;False;False
2022_22014055_04;12;81809.0667745815;Adolescentes y Adultos;1;False;True;False;False;False;False;False;False;False;False
2022_22014056_04;18;40904.5333872907;Adolescentes y Adultos;1;False;True;False;False;False;False;False;False;False;False
2022_22014072_01;49;136711.534859295;Adolescentes y Adultos;1;False;True;False;False;False;False;False;False;False;False
2022_22014081_02;48;40444.0647332505;Adolescentes y Adultos;1;False;True;False;False;False;False;False;True;False;False
2022_22014133_02;39;341875.560214922;Adolescentes y Adultos;1;False;True;False;False;False;False;False;True;False;False
2022_22016004_03;29;204810.988302353;Adolescentes y Adultos;1;False;True;False;False;False;False;False;False;True;False
2022_22016006_02;42;85542.05519571;Adolescentes y Adultos;1;False;True;False;False;False;False;False;True;True;False
2022_22016013_01;42;204810.988302353;Adolescentes y Adultos;1;False;True;False;False;False;False;False;False;True;False
2022_22016031_03;39;67150.1589067692;Adolescentes y Adultos;1;False;True;False;False;False;False;False;True;True;False
2022_22016035_02;38;39797.3857559417;Adolescentes y Adultos;1;False;True;False;False;False;False;False;True;False;True
2022_22016037_02;43;19898.6928779709;Adolescentes y Adultos;1;False;True;False;False;False;False;False;True;False;True
2022_22016047_01;77;35418.1715650319;Adolescentes y Adultos;1;False;True;False;False;False;False;False;True;False;True
2022_22016048_02;36;42804.2993463906;Adolescentes y Adultos;1;False;True;False;False;False;False;False;True;False;True
2022_22016053_03;20;35212.0040812843;Adolescentes y Adultos;1;False;True;False;False;False;False;False;False;False;True
2022_23002010_03;12;25181.9698070673;Adolescentes y Adultos;1;False;False;False;False;False;False;True;False;False;True
2022_23002015_01;70;70861.2347729153;Adolescentes y Adultos;1;False;False;False;False;False;False;True;False;False;True
2022_23002029_02;22;14581.0825968295;Adolescentes y Adultos;1;False;False;False;False;False;False;True;True;False;True
2022_23002038_02;81;15548.0700154603;Adolescentes y Adultos;1;False;False;False;False;False;False;True;True;True;False
2022_23002060_01;71;11106.4531135452;Adolescentes y Adultos;1;False;False;False;False;False;False;True;True;True;False
2022_23004017_01;57;54591.9456006366;Adolescentes y Adultos;1;False;False;False;False;False;False;True;False;False;False
2022_23004020_01;55;12186.8000141459;Adolescentes y Adultos;1;False;False;False;False;False;False;True;True;False;False
2022_23004035_02;42;84271.9836066059;Adolescentes y Adultos;1;False;False;False;False;False;False;True;True;False;False
2022_23005047_01;65;50626.8072397272;Adolescentes y Adultos;1;False;False;False;False;False;False;True;False;False;False
2022_23005050_03;16;30198.7958735983;Adolescentes y Adultos;1;False;False;False;False;False;False;True;True;False;False
2022_23005066_01;51;60425.5441248358;Adolescentes y Adultos;1;False;False;False;False;False;False;True;False;False;False
2022_23005081_01;45;145375.819389675;Adolescentes y Adultos;0;False;False;False;False;False;False;True;False;False;False
2022_23005085_02;48;64905.7665302886;Adolescentes y Adultos;1;False;False;False;False;False;False;True;True;False;False
2022_23005118_03;12;29931.2183804777;Adolescentes y Adultos;0;False;False;False;False;False;False;True;True;False;False
2022_23005129_04;12;87527.1825758116;Adolescentes y Adultos;1;False;False;False;False;False;False;True;False;False;False
2022_23005135_01;21;51742.3805572867;Adolescentes y Adultos;1;False;False;False;False;False;False;True;True;False;False
2022_23006010_01;20;91282.6837592847;Adolescentes y Adultos;1;False;False;False;False;False;False;True;False;True;False
2022_23006015_02;28;41608.7176178082;Adolescentes y Adultos;1;False;False;False;False;False;False;True;True;True;False
2022_23008016_01;47;66168.3945919503;Adolescentes y Adultos;1;False;False;False;False;False;False;True;True;False;False
2022_23008036_01;27;126961.90618818;Adolescentes y Adultos;1;False;False;False;False;False;False;True;True;False;False
2022_23008080_01;52;65980.9516973508;Adolescentes y Adultos;1;False;False;False;False;False;False;True;False;False;True
2022_23008082_01;65;65980.9516973508;Adolescentes y Adultos;1;False;False;False;False;False;False;True;False;False;True
2022_24021007_01;78;96252.8401474178;Adolescentes y Adultos;1;False;True;False;False;False;False;False;False;True;False
2022_24021011_02;24;22420.523782803;Adolescentes y Adultos;1;False;True;False;False;False;False;False;True;True;False
2022_24021012_02;27;107361.685984898;Adolescentes y Adultos;1;False;True;False;False;False;False;False;False;True;False
2022_24021021_02;76;38461.0472860897;Adolescentes y Adultos;1;False;True;False;False;False;False;False;True;True;False
2022_24021032_01;65;73344.9326443736;Adolescentes y Adultos;0;False;True;False;False;False;False;False;False;True;False
2022_24021042_02;42;68338.0066160208;Adolescentes y Adultos;1;False;True;False;False;False;False;False;True;True;False
2022_24028011_02;73;133296.939742671;Adolescentes y Adultos;1;False;True;False;False;False;False;False;True;False;False
2022_24028038_02;57;78789.6771450997;Adolescentes y Adultos;1;False;True;False;False;False;False;False;True;False;False
2022_24028039_03;32;308663.331466322;Adolescentes y Adultos;1;False;True;False;False;False;False;False;False;False;False
2022_24028076_03;58;21962.1614341665;Adolescentes y Adultos;0;False;True;False;False;False;False;False;True;False;False
2022_24028080_02;36;63271.9190533545;Adolescentes y Adultos;1;False;True;False;False;False;False;False;True;False;False
2022_24028112_02;21;147374.332923888;Adolescentes y Adultos;1;False;True;False;False;False;False;False;False;False;False
2022_24028120_02;50;51001.9633741745;Adolescentes y Adultos;1;False;True;False;False;False;False;False;True;False;False
2022_24028120_04;24;133202.186689208;Adolescentes y Adultos;1;False;True;False;False;False;False;False;False;False;False
2022_24037014_02;61;81776.1159563433;Adolescentes y Adultos;1;False;True;False;False;False;False;False;True;True;False
2022_24037024_01;60;40888.0579781716;Adolescentes y Adultos;1;False;True;False;False;False;False;False;True;True;False
2022_24037047_03;17;126920.553281001;Adolescentes y Adultos;1;False;True;False;False;False;False;False;True;True;False
2022_24037049_03;17;63460.2766405004;Adolescentes y Adultos;1;False;True;False;False;False;False;False;True;True;False
2022_24049004_04;15;33440.6797032749;Adolescentes y Adultos;1;False;True;False;False;False;False;False;False;True;False
2022_24049008_01;46;27980.5938692433;Adolescentes y Adultos;1;False;True;False;False;False;False;False;True;True;False
2022_24049009_01;50;55961.1877384865;Adolescentes y Adultos;0;False;True;False;False;False;False;False;True;True;False
2022_24052004_01;34;59984.8689011279;Adolescentes y Adultos;1;False;True;False;False;False;False;False;True;False;True
2022_24052018_02;67;99268.2702666524;Adolescentes y Adultos;1;False;True;False;False;False;False;False;True;False;True
2022_24052019_02;52;99268.2702666524;Adolescentes y Adultos;1;False;True;False;False;False;False;False;True;False;True
2022_25001005_02;50;65050.0221249569;Adolescentes y Adultos;1;False;False;False;True;False;False;False;True;False;False
2022_25001014_03;16;49422.2740111019;Adolescentes y Adultos;1;False;False;False;True;False;False;False;True;False;False
2022_25001018_01;39;40605.1322466354;Adolescentes y Adultos;1;False;False;False;True;False;False;False;True;False;False
2022_25001027_01;43;36297.2042376734;Adolescentes y Adultos;1;False;False;False;True;False;False;False;True;False;False
2022_25002001_02;23;61271.2604474572;Adolescentes y Adultos;1;False;False;False;True;False;False;False;True;True;False
2022_25002018_03;37;61271.2604474572;Adolescentes y Adultos;0;False;False;False;True;False;False;False;True;True;False
2022_25006003_03;12;29943.5147433212;Adolescentes y Adultos;1;False;False;False;True;False;False;False;True;False;False
2022_25006004_04;17;29943.5147433212;Adolescentes y Adultos;1;False;False;False;True;False;False;False;True;False;False
2022_25006016_02;26;23161.4989039481;Adolescentes y Adultos;1;False;False;False;True;False;False;False;True;False;False
2022_25006042_01;48;104536.817912973;Adolescentes y Adultos;1;False;False;False;True;False;False;False;True;False;False
2022_25006061_01;72;86711.6884032923;Adolescentes y Adultos;1;False;False;False;True;False;False;False;False;False;False
2022_25006073_03;15;37328.6671901962;Adolescentes y Adultos;1;False;False;False;True;False;False;False;False;False;False
2022_25006077_02;45;33066.4211845123;Adolescentes y Adultos;0;False;False;False;True;False;False;False;True;False;False
2022_25006081_01;50;48256.9396331366;Adolescentes y Adultos;0;False;False;False;True;False;False;False;False;False;False
2022_25006097_02;33;26041.7195915001;Adolescentes y Adultos;1;False;False;False;True;False;False;False;True;False;True
2022_25011011_03;22;47269.0036282691;Adolescentes y Adultos;1;False;False;False;True;False;False;False;True;False;True
2022_25011021_01;67;202835.558706566;Adolescentes y Adultos;1;False;False;False;True;False;False;False;False;False;True
2022_25011021_03;17;63089.2191685804;Adolescentes y Adultos;1;False;False;False;True;False;False;False;True;False;True
2022_25011030_04;17;48504.9581140255;Adolescentes y Adultos;0;False;False;False;True;False;False;False;True;False;True
2022_25012015_01;72;82544.6179653673;Adolescentes y Adultos;1;False;False;False;True;False;False;False;True;False;False
2022_25012018_01;69;149147.300797936;Adolescentes y Adultos;1;False;False;False;True;False;False;False;False;False;False
2022_25012033_02;38;211824.927254096;Adolescentes y Adultos;1;False;False;False;True;False;False;False;True;False;False
2022_25015007_03;17;53558.6052535152;Adolescentes y Adultos;0;False;False;False;True;False;False;False;True;True;False
2022_25015009_01;43;66004.4165860234;Adolescentes y Adultos;0;False;False;False;True;False;False;False;False;True;False
2022_25015010_01;55;98294.2247758444;Adolescentes y Adultos;1;False;False;False;True;False;False;False;False;True;False
2022_25015022_02;73;62123.5323118886;Adolescentes y Adultos;1;False;False;False;True;False;False;False;True;True;False
2022_25015033_02;18;51063.5553116947;Adolescentes y Adultos;1;False;False;False;True;False;False;False;True;True;False
2022_25015036_01;27;125859.146675047;Adolescentes y Adultos;1;False;False;False;True;False;False;False;False;True;False
2022_25015044_02;74;59229.4816743342;Adolescentes y Adultos;0;False;False;False;True;False;False;False;True;True;False
2022_25018028_01;47;122839.475537436;Adolescentes y Adultos;0;False;False;False;True;False;False;False;True;False;True
2022_25018032_01;40;57533.3465635743;Adolescentes y Adultos;0;False;False;False;True;False;False;False;True;False;True
2022_26002002_03;25;20274.1475819573;Adolescentes y Adultos;1;False;False;False;True;False;False;False;True;False;True
2022_26002005_01;28;118318.99416586;Adolescentes y Adultos;1;False;False;False;True;False;False;False;False;False;True
2022_26019003_02;40;31546.1431641135;Adolescentes y Adultos;1;False;False;False;True;False;False;False;True;False;True
2022_26019019_02;34;36756.890026043;Adolescentes y Adultos;1;False;False;False;True;False;False;False;True;False;True
2022_26019030_01;29;116926.362441653;Adolescentes y Adultos;0;False;False;False;True;False;False;False;False;False;True
2022_26019032_01;29;20035.5179240317;Adolescentes y Adultos;0;False;False;False;True;False;False;False;True;False;True
2022_26019040_02;32;37425.1971174257;Adolescentes y Adultos;0;False;False;False;True;False;False;False;True;False;True
2022_26019042_04;12;127867.362731967;Adolescentes y Adultos;1;False;False;False;True;False;False;False;False;False;True
2022_26029001_03;15;281099.748600786;Adolescentes y Adultos;1;False;False;False;True;False;False;False;True;False;False
2022_26029016_02;39;163881.141662653;Adolescentes y Adultos;1;False;False;False;True;False;False;False;True;False;False
2022_26029022_01;67;81361.0449540312;Adolescentes y Adultos;1;False;False;False;True;False;False;False;False;False;False
2022_26030015_01;61;23103.2291150952;Adolescentes y Adultos;1;False;False;False;True;False;False;False;False;False;False
2022_26030027_01;32;19582.5715106337;Adolescentes y Adultos;1;False;False;False;True;False;False;False;True;False;False
2022_26030031_01;41;103826.254405179;Adolescentes y Adultos;0;False;False;False;True;False;False;False;False;False;False
2022_26030037_01;34;16332.0462334594;Adolescentes y Adultos;1;False;False;False;True;False;False;False;True;False;False
2022_26030047_01;67;26219.8653083403;Adolescentes y Adultos;1;False;False;False;True;False;False;False;True;False;False
2022_26030052_03;25;68920.2102070853;Adolescentes y Adultos;1;False;False;False;True;False;False;False;False;False;False
2022_26030058_02;33;24880.8516837858;Adolescentes y Adultos;0;False;False;False;True;False;False;False;True;False;False
2022_26030096_02;69;98492.9824128474;Adolescentes y Adultos;1;False;False;False;True;False;False;False;True;False;False
2022_26030105_01;36;72093.4616477851;Adolescentes y Adultos;0;False;False;False;True;False;False;False;True;False;False
2022_26030123_01;62;199018.156073667;Adolescentes y Adultos;0;False;False;False;True;False;False;False;False;False;False
2022_26042009_01;55;54995.7301761506;Adolescentes y Adultos;1;False;False;False;True;False;False;False;False;False;False
2022_26042020_03;44;166698.320410886;Adolescentes y Adultos;1;False;False;False;True;False;False;False;True;False;False
2022_26042027_01;38;206707.193581385;Adolescentes y Adultos;0;False;False;False;True;False;False;False;True;False;False
2022_26043021_01;49;82687.5837304557;Adolescentes y Adultos;1;False;False;False;True;False;False;False;False;False;False
2022_26047005_01;59;54025.1299702395;Adolescentes y Adultos;1;False;False;False;True;False;False;False;False;True;False
2022_26047007_03;27;36277.7893899831;Adolescentes y Adultos;1;False;False;False;True;False;False;False;False;True;False
2022_26047008_01;37;36277.7893899831;Adolescentes y Adultos;1;False;False;False;True;False;False;False;False;True;False
2022_26047009_01;38;36277.7893899831;Adolescentes y Adultos;0;False;False;False;True;False;False;False;False;True;False
2022_26047010_01;56;54025.1299702395;Adolescentes y Adultos;0;False;False;False;True;False;False;False;False;True;False
2022_26047010_03;16;39046.6935549328;Adolescentes y Adultos;0;False;False;False;True;False;False;False;False;True;False
2022_26047011_01;51;54025.1299702395;Adolescentes y Adultos;1;False;False;False;True;False;False;False;False;True;False
2022_26047014_02;52;34144.7517899845;Adolescentes y Adultos;1;False;False;False;True;False;False;False;True;True;False
2022_26047027_01;27;9827.24971532006;Adolescentes y Adultos;1;False;False;False;True;False;False;False;True;True;False
2022_26047035_03;18;113907.695755509;Adolescentes y Adultos;1;False;False;False;True;False;False;False;False;True;False
2022_26055006_06;12;153250.459176163;Adolescentes y Adultos;1;False;False;False;True;False;False;False;False;False;False
2022_27002003_02;23;34784.1308262862;Adolescentes y Adultos;1;False;False;False;False;False;False;True;True;False;True
2022_27002011_06;12;33879.7315655559;Adolescentes y Adultos;1;False;False;False;False;False;False;True;True;False;True
2022_27002026_04;16;31687.2891640411;Adolescentes y Adultos;1;False;False;False;False;False;False;True;True;False;True
2022_27002040_02;18;182413.865197366;Adolescentes y Adultos;1;False;False;False;False;False;False;True;True;True;False
2022_27004035_01;61;72225.4569901697;Adolescentes y Adultos;1;False;False;False;False;False;False;True;True;False;False
2022_27004035_04;26;95789.0075601705;Adolescentes y Adultos;1;False;False;False;False;False;False;True;False;False;False
2022_27004039_02;61;46516.0181708412;Adolescentes y Adultos;1;False;False;False;False;False;False;True;True;False;False
2022_27004048_03;17;34520.2307244944;Adolescentes y Adultos;1;False;False;False;False;False;False;True;False;False;False
2022_27006009_03;34;38997.9137022089;Adolescentes y Adultos;1;False;False;False;False;False;False;True;True;True;False
2022_27006018_01;33;209878.90953533;Adolescentes y Adultos;1;False;False;False;False;False;False;True;False;True;False
2022_27006022_02;37;48733.8398919736;Adolescentes y Adultos;1;False;False;False;False;False;False;True;True;True;False
2022_27008005_01;32;37791.116862021;Adolescentes y Adultos;1;False;False;False;False;False;False;True;True;False;True
2022_27008007_05;21;66869.8974396725;Adolescentes y Adultos;1;False;False;False;False;False;False;True;False;False;True
2022_27008024_05;16;48264.5055250816;Adolescentes y Adultos;1;False;False;False;False;False;False;True;False;False;True
2022_27008033_02;26;29528.6152511769;Adolescentes y Adultos;1;False;False;False;False;False;False;True;True;True;False
2022_27008036_01;67;17865.7488171748;Adolescentes y Adultos;1;False;False;False;False;False;False;True;False;True;False
2022_27008037_01;58;37256.4058673448;Adolescentes y Adultos;1;False;False;False;False;False;False;True;False;True;False
2022_27008044_01;67;74512.8117346895;Adolescentes y Adultos;1;False;False;False;False;False;False;True;False;True;False
2022_27008064_01;52;16356.051708219;Adolescentes y Adultos;1;False;False;False;False;False;False;True;True;True;False
2022_27008067_01;46;34108.1533757423;Adolescentes y Adultos;1;False;False;False;False;False;False;True;False;True;False
2022_27010007_02;70;78083.4980690027;Adolescentes y Adultos;1;False;False;False;False;False;False;True;False;True;False
2022_27010008_04;25;185661.835993139;Adolescentes y Adultos;1;False;False;False;False;False;False;True;True;True;False
2022_27013019_01;52;100782.061420689;Adolescentes y Adultos;1;False;False;False;False;False;False;True;False;False;True
2022_27013024_01;72;37206.1786850651;Adolescentes y Adultos;1;False;False;False;False;False;False;True;True;False;True
2022_27013025_02;29;74777.2351809675;Adolescentes y Adultos;1;False;False;False;False;False;False;True;False;False;True
2022_27017014_01;39;27973.1571548303;Adolescentes y Adultos;1;False;False;False;False;False;False;True;True;False;True
2022_28003017_02;29;37670.6006482744;Adolescentes y Adultos;1;False;False;True;False;False;False;False;True;False;True
2022_28003019_03;16;176939.295914571;Adolescentes y Adultos;1;False;False;True;False;False;False;False;False;False;True
2022_28003026_02;27;83983.7749359507;Adolescentes y Adultos;0;False;False;True;False;False;False;False;False;False;True
2022_28003027_02;26;53381.7766398023;Adolescentes y Adultos;1;False;False;True;False;False;False;False;True;False;True
2022_28003063_03;12;94696.5706872306;Adolescentes y Adultos;1;False;False;True;False;False;False;False;False;False;False
2022_28003064_01;56;86389.2277662915;Adolescentes y Adultos;1;False;False;True;False;False;False;False;True;False;False
2022_28003069_01;45;108283.513408428;Adolescentes y Adultos;1;False;False;True;False;False;False;False;False;False;False
2022_28003073_02;51;140090.639621013;Adolescentes y Adultos;1;False;False;True;False;False;False;False;True;False;False
2022_28009002_01;25;420424.558167942;Adolescentes y Adultos;1;False;False;True;False;False;False;False;True;False;False
2022_28009008_02;62;238116.528852709;Adolescentes y Adultos;1;False;False;True;False;False;False;False;True;False;False
2022_28017006_01;45;47595.9192425911;Adolescentes y Adultos;1;False;False;True;False;False;False;False;False;True;False
2022_28017026_04;15;125055.654077935;Adolescentes y Adultos;1;False;False;True;False;False;False;False;False;True;False
2022_28017028_03;37;30374.649003665;Adolescentes y Adultos;1;False;False;True;False;False;False;False;True;True;False
2022_28018006_02;45;105983.867561238;Adolescentes y Adultos;1;False;False;True;False;False;False;False;False;False;True
2022_28018012_01;49;33739.7992732064;Adolescentes y Adultos;1;False;False;True;False;False;False;False;True;False;True
2022_28018015_04;22;21947.5687281615;Adolescentes y Adultos;1;False;False;True;False;False;False;False;True;False;True
2022_28027008_02;26;371335.918089919;Adolescentes y Adultos;1;False;False;True;False;False;False;False;True;False;False
2022_28027010_03;15;117097.909989586;Adolescentes y Adultos;1;False;False;True;False;False;False;False;False;False;False
2022_28027016_03;15;277108.57491274;Adolescentes y Adultos;1;False;False;True;False;False;False;False;True;False;False
2022_28027017_03;50;80592.4833875071;Adolescentes y Adultos;1;False;False;True;False;False;False;False;True;False;False
2022_28027029_01;57;99115.3440809415;Adolescentes y Adultos;1;False;False;True;False;False;False;False;False;False;False
2022_28027037_02;25;126890.315947968;Adolescentes y Adultos;1;False;False;True;False;False;False;False;True;False;False
2022_28032029_01;59;61801.5244789624;Adolescentes y Adultos;1;False;False;True;False;False;False;False;True;False;False
2022_28038007_01;57;50648.740142652;Adolescentes y Adultos;1;False;False;True;False;False;False;False;False;False;False
2022_28038024_02;59;83621.0816162368;Adolescentes y Adultos;1;False;False;True;False;False;False;False;True;False;False
2022_28038024_03;36;68159.9628121335;Adolescentes y Adultos;1;False;False;True;False;False;False;False;True;False;False
2022_28038030_01;43;168878.063197242;Adolescentes y Adultos;1;False;False;True;False;False;False;False;False;False;False
2022_28041009_01;42;163565.824910527;Adolescentes y Adultos;1;False;False;True;False;False;False;False;False;False;False
2022_28041022_03;73;40440.4778889823;Adolescentes y Adultos;1;False;False;True;False;False;False;False;True;False;False
2022_29007017_07;16;45731.7228961316;Adolescentes y Adultos;1;True;False;False;False;False;False;False;True;False;True
2022_29013010_01;47;14515.1038687395;Adolescentes y Adultos;1;True;False;False;False;False;False;False;False;True;False
2022_29013014_01;52;9576.61263365129;Adolescentes y Adultos;1;True;False;False;False;False;False;False;True;True;False
2022_29013015_01;43;16609.9594349362;Adolescentes y Adultos;1;True;False;False;False;False;False;False;True;True;False
2022_29018005_01;63;24068.9926094044;Adolescentes y Adultos;1;True;False;False;False;False;False;False;True;False;True
2022_29018008_02;19;33495.4159613725;Adolescentes y Adultos;1;True;False;False;False;False;False;False;False;False;True
2022_29018011_02;24;85740.6255152475;Adolescentes y Adultos;1;True;False;False;False;False;False;False;False;False;True
2022_29018018_03;24;26237.9451821663;Adolescentes y Adultos;1;True;False;False;False;False;False;False;True;False;True
2022_29018024_01;55;80084.8158382352;Adolescentes y Adultos;1;True;False;False;False;False;False;False;False;False;True
2022_29018033_03;12;31661.4239958818;Adolescentes y Adultos;1;True;False;False;False;False;False;False;False;False;True
2022_29031002_01;67;42286.6900716229;Adolescentes y Adultos;1;True;False;False;False;False;False;False;True;False;True
2022_29031009_01;91;34262.136945025;Adolescentes y Adultos;1;True;False;False;False;False;False;False;True;False;True
2022_29031024_01;36;54925.1526608985;Adolescentes y Adultos;1;True;False;False;False;False;False;False;True;False;True
2022_29031032_01;33;310029.347415194;Adolescentes y Adultos;0;True;False;False;False;False;False;False;False;False;True
2022_29043011_03;67;24401.0933223289;Adolescentes y Adultos;1;True;False;False;False;False;False;False;True;False;True
2022_29043019_01;33;27824.0942664818;Adolescentes y Adultos;1;True;False;False;False;False;False;False;True;False;True
2022_29043022_01;28;168330.087693414;Adolescentes y Adultos;1;True;False;False;False;False;False;False;False;False;True
2022_29043023_03;12;75668.809889927;Adolescentes y Adultos;1;True;False;False;False;False;False;False;False;False;True
2022_29043031_01;63;67085.7547380217;Adolescentes y Adultos;1;True;False;False;False;False;False;False;False;False;True
2022_30033013_01;56;77555.3877072287;Adolescentes y Adultos;1;True;False;False;False;False;False;False;True;True;False
2022_30039002_02;13;213968.269386189;Adolescentes y Adultos;1;True;False;False;False;False;False;False;True;False;True
2022_30039003_02;35;466152.934496962;Adolescentes y Adultos;1;True;False;False;False;False;False;False;True;False;True
2022_30087034_03;15;155813.49875029;Adolescentes y Adultos;1;True;False;False;False;False;False;False;True;False;False
2022_30123009_01;64;254464.77182571;Adolescentes y Adultos;1;True;False;False;False;False;False;False;True;False;True
2022_30123012_06;14;267460.336732736;Adolescentes y Adultos;1;True;False;False;False;False;False;False;True;False;True
2022_30124003_02;65;386858.287537547;Adolescentes y Adultos;1;True;False;False;False;False;False;False;True;True;False
2022_30124010_01;32;335489.21256814;Adolescentes y Adultos;0;True;False;False;False;False;False;False;True;True;False
2022_30131021_03;40;571191.844870864;Adolescentes y Adultos;1;True;False;False;False;False;False;False;True;False;False
2022_30159004_05;32;305369.096568041;Adolescentes y Adultos;1;True;False;False;False;False;False;False;False;True;False
2022_30159005_02;70;25963.4686563304;Adolescentes y Adultos;1;True;False;False;False;False;False;False;True;True;False
2022_30159007_02;26;45031.8058868235;Adolescentes y Adultos;0;True;False;False;False;False;False;False;True;True;False
2022_30159015_04;24;90063.6117736469;Adolescentes y Adultos;1;True;False;False;False;False;False;False;True;True;False
2022_30159024_03;17;71842.5030296533;Adolescentes y Adultos;1;True;False;False;False;False;False;False;True;True;False
2022_30167027_02;54;366429.271429022;Adolescentes y Adultos;1;True;False;False;False;False;False;False;True;False;True
2022_30201021_02;64;275776.559575139;Adolescentes y Adultos;1;True;False;False;False;False;False;False;True;True;False
2022_31038003_02;47;65743.9994837968;Adolescentes y Adultos;1;False;False;False;False;False;False;True;False;False;True
2022_31038005_02;83;28538.3864241055;Adolescentes y Adultos;1;False;False;False;False;False;False;True;True;False;True
2022_31038014_01;42;54707.2652709372;Adolescentes y Adultos;1;False;False;False;False;False;False;True;False;False;True
2022_31041004_02;58;75228.1055584527;Adolescentes y Adultos;1;False;False;False;False;False;False;True;False;False;False
2022_31041008_01;37;39953.3616197619;Adolescentes y Adultos;1;False;False;False;False;False;False;True;True;False;False
2022_31050046_01;67;37481.7054011841;Adolescentes y Adultos;0;False;False;False;False;False;False;True;True;False;False
2022_31050049_01;74;79379.3588525078;Adolescentes y Adultos;1;False;False;False;False;False;False;True;True;False;False
2022_31050056_01;39;272678.845228232;Adolescentes y Adultos;1;False;False;False;False;False;False;True;False;False;False
2022_31052004_01;51;30678.3061795728;Adolescentes y Adultos;1;False;False;False;False;False;False;True;False;True;False
2022_31056004_02;60;114407.467971463;Adolescentes y Adultos;1;False;False;False;False;False;False;True;True;False;True
2022_31056019_06;15;65285.9397759076;Adolescentes y Adultos;1;False;False;False;False;False;False;True;True;False;True
2022_31079008_02;38;94263.533537364;Adolescentes y Adultos;1;False;False;False;False;False;False;True;True;False;True
2022_31079008_03;13;88289.2987299925;Adolescentes y Adultos;1;False;False;False;False;False;False;True;True;False;True
2022_31079012_03;23;47131.7667686821;Adolescentes y Adultos;0;False;False;False;False;False;False;True;True;False;True
2022_31079031_03;17;42446.7782355733;Adolescentes y Adultos;1;False;False;False;False;False;False;True;True;False;True
2022_31079032_03;69;39899.4560195714;Adolescentes y Adultos;0;False;False;False;False;False;False;True;True;False;True
2022_31098012_02;69;51281.3929687108;Adolescentes y Adultos;1;False;False;False;False;False;False;True;True;False;True
2022_31098013_01;24;29123.4770289372;Adolescentes y Adultos;1;False;False;False;False;False;False;True;True;False;True
2022_31098021_02;13;64176.4280404543;Adolescentes y Adultos;1;False;False;False;False;False;False;True;False;False;True
2022_31101005_04;12;157841.361591384;Adolescentes y Adultos;1;False;False;False;False;False;False;True;False;True;False
2022_31101006_03;48;47343.7023664003;Adolescentes y Adultos;1;False;False;False;False;False;False;True;True;True;False
2022_31101014_03;27;112331.352297662;Adolescentes y Adultos;1;False;False;False;False;False;False;True;False;True;False
2022_31101025_02;31;43988.6476467808;Adolescentes y Adultos;1;False;False;False;False;False;False;True;True;True;False
2022_31101029_02;21;47360.7734405142;Adolescentes y Adultos;1;False;False;False;False;False;False;True;False;True;False
2022_32010014_01;65;122905.048966642;Adolescentes y Adultos;0;False;True;False;False;False;False;False;False;False;False
2022_32010015_01;52;21287.0747258242;Adolescentes y Adultos;0;False;True;False;False;False;False;False;True;False;False
2022_32017017_01;45;55671.6443045471;Adolescentes y Adultos;0;False;True;False;False;False;False;False;True;False;False
2022_32017017_06;12;93428.8557332504;Adolescentes y Adultos;0;False;True;False;False;False;False;False;False;False;False
2022_32017027_01;64;27375.6789697564;Adolescentes y Adultos;0;False;True;False;False;False;False;False;True;False;False
2022_32017043_03;23;175331.239046315;Adolescentes y Adultos;1;False;True;False;False;False;False;False;False;False;False
2022_32017052_04;21;145832.602756283;Adolescentes y Adultos;1;False;True;False;False;False;False;False;True;False;False
2022_32023002_02;56;42742.5364292331;Adolescentes y Adultos;1;False;True;False;False;False;False;False;True;True;False
2022_32023005_03;21;37374.5694216524;Adolescentes y Adultos;1;False;True;False;False;False;False;False;True;True;False
2022_32023021_05;13;55360.8015444876;Adolescentes y Adultos;1;False;True;False;False;False;False;False;False;True;False
2022_32023025_02;55;30881.112824996;Adolescentes y Adultos;1;False;True;False;False;False;False;False;True;True;False
2022_32023027_03;21;64652.0682338621;Adolescentes y Adultos;0;False;True;False;False;False;False;False;False;True;False
2022_32024003_02;36;112946.149266336;Adolescentes y Adultos;1;False;True;False;False;False;False;False;True;False;True
2022_32039004_01;32;117939.943805313;Adolescentes y Adultos;1;False;True;False;False;False;False;False;False;False;True
2022_32039008_01;48;92742.4493328588;Adolescentes y Adultos;0;False;True;False;False;False;False;False;False;False;True
2022_32039014_01;37;104893.847281643;Adolescentes y Adultos;1;False;True;False;False;False;False;False;False;False;True
2022_32039016_01;46;29974.3314661547;Adolescentes y Adultos;1;False;True;False;False;False;False;False;True;False;True
2022_32040005_02;45;7121.99167375022;Adolescentes y Adultos;0;False;True;False;False;False;False;False;True;True;False
2022_32040010_01;44;59641.8262854304;Adolescentes y Adultos;0;False;True;False;False;False;False;False;False;True;False
2022_32040019_03;21;27627.7191120488;Adolescentes y Adultos;1;False;True;False;False;False;False;False;False;True;False
2022_32040020_05;12;15771.5261261397;Adolescentes y Adultos;1;False;True;False;False;False;False;False;False;True;False
2022_32052001_01;57;17682.1261042396;Adolescentes y Adultos;1;False;True;False;False;False;False;False;False;True;False
2022_32052012_02;78;9420.64791261823;Adolescentes y Adultos;1;False;True;False;False;False;False;False;True;True;False
2022_32052012_03;38;8760.53221084108;Adolescentes y Adultos;0;False;True;False;False;False;False;False;True;True;False
2022_32052018_01;66;17682.1261042396;Adolescentes y Adultos;1;False;True;False;False;False;False;False;False;True;False
2022_32052020_01;47;17682.1261042396;Adolescentes y Adultos;1;False;True;False;False;False;False;False;False;True;False
2022_32052020_02;38;8760.53221084108;Adolescentes y Adultos;1;False;True;False;False;False;False;False;True;True;False
2022_32052032_01;36;8760.53221084108;Adolescentes y Adultos;0;False;True;False;False;False;False;False;True;True;False
2022_32052041_01;80;5873.36578887929;Adolescentes y Adultos;1;False;True;False;False;False;False;False;True;True;False
2022_32052043_02;66;9925.99944749774;Adolescentes y Adultos;0;False;True;False;False;False;False;False;True;True;False
2022_32052044_02;43;17358.8180029514;Adolescentes y Adultos;1;False;True;False;False;False;False;False;True;True;False
2022_32053001_01;62;40367.2050064794;Adolescentes y Adultos;0;False;True;False;False;False;False;False;False;False;True
2022_32053001_02;30;12447.7763629263;Adolescentes y Adultos;1;False;True;False;False;False;False;False;True;False;True
2022_32053004_03;19;49050.2282415991;Adolescentes y Adultos;0;False;True;False;False;False;False;False;True;False;True
2022_32053017_03;17;26358.8993673041;Adolescentes y Adultos;1;False;True;False;False;False;False;False;False;False;True
2022_01001035_06;10;40406.0601427181;Escolares;1;False;True;False;False;False;False;False;True;False;False
2022_01001053_04;11;34194.3738753318;Escolares;1;False;True;False;False;False;False;False;False;False;False
2022_01001072_03;8;21211.3068419312;Escolares;1;False;True;False;False;False;False;False;True;False;False
2022_01002009_05;5;33063.7296210961;Escolares;1;False;True;False;False;False;False;False;True;True;False
2022_01005024_04;9;63770.4417237588;Escolares;1;False;True;False;False;False;False;False;True;False;True
2022_01006002_06;7;123263.456088033;Escolares;1;False;True;False;False;False;False;False;True;False;True
2022_01006010_04;8;36352.3383109437;Escolares;1;False;True;False;False;False;False;False;True;False;True
2022_01009002_03;10;8937.67643395246;Escolares;1;False;True;False;False;False;False;False;False;True;False
2022_01009029_08;9;14010.6286943644;Escolares;1;False;True;False;False;False;False;False;True;True;False
2022_02001032_04;7;219679.646664619;Escolares;1;False;False;False;True;False;False;False;True;False;False
2022_02002155_03;11;37270.2054762314;Escolares;0;False;False;False;True;False;False;False;False;True;False
2022_03003094_04;9;16528.0898116133;Escolares;1;False;False;False;True;False;False;False;True;False;False
2022_03003119_03;10;19204.6982213135;Escolares;1;False;False;False;True;False;False;False;True;False;False
2022_03003129_03;10;96260.7662981482;Escolares;0;False;False;False;True;False;False;False;True;False;True
2022_03008047_05;7;22336.5328025517;Escolares;1;False;False;False;True;False;False;False;True;False;False
2022_03008095_05;8;7426.10491355829;Escolares;1;False;False;False;True;False;False;False;False;False;False
2022_04001032_03;11;8094.92468443701;Escolares;1;False;False;False;False;False;False;True;True;False;True
2022_04001040_04;8;7494.43551082347;Escolares;1;False;False;False;False;False;False;True;False;False;True
2022_04002001_03;7;21406.1568008401;Escolares;1;False;False;False;False;False;False;True;False;False;False
2022_04002040_03;6;15392.5359473519;Escolares;1;False;False;False;False;False;False;True;True;False;False
2022_04002150_05;10;17027.1516178774;Escolares;1;False;False;False;False;False;False;True;False;True;False
2022_04002158_05;6;10490.0111551999;Escolares;1;False;False;False;False;False;False;True;True;True;False
2022_04003007_05;8;74255.3109232713;Escolares;1;False;False;False;False;False;False;True;False;False;False
2022_04008005_07;6;7494.43551082347;Escolares;1;False;False;False;False;False;False;True;False;False;True
2022_05002024_03;8;26915.4709769374;Escolares;0;False;False;True;False;False;False;False;False;False;False
2022_05002030_03;5;32149.9170673307;Escolares;1;False;False;True;False;False;False;False;False;False;False
2022_05017007_05;9;47688.1597546006;Escolares;1;False;False;True;False;False;False;False;True;False;True
2022_05017013_03;5;22165.4853132839;Escolares;1;False;False;True;False;False;False;False;False;False;True
2022_05026015_05;11;170740.449571006;Escolares;1;False;False;True;False;False;False;False;True;True;False
2022_05030004_02;7;37902.3047192979;Escolares;1;False;False;True;False;False;False;False;False;False;False
2022_05030050_04;8;34231.4338522476;Escolares;1;False;False;True;False;False;False;False;False;False;False
2022_05035012_02;11;61796.3084425099;Escolares;1;False;False;True;False;False;False;False;False;False;False
2022_05035067_08;8;134602.742048408;Escolares;1;False;False;True;False;False;False;False;False;False;False
2022_05038009_04;5;19651.4797602408;Escolares;1;False;False;True;False;False;False;False;False;False;True
2022_06007011_03;10;17175.4240967925;Escolares;1;False;False;False;False;False;True;False;False;False;False
2022_06007049_05;6;52521.6401166039;Escolares;1;False;False;False;False;False;True;False;True;False;False
2022_06010021_03;11;20780.8728000379;Escolares;1;False;False;False;False;False;True;False;False;False;False
2022_06010033_02;7;46386.6337212171;Escolares;1;False;False;False;False;False;True;False;True;False;False
2022_07008011_06;6;35225.9322376238;Escolares;1;False;False;False;False;False;False;True;True;True;False
2022_07008034_03;5;86132.7995299911;Escolares;1;False;False;False;False;False;False;True;False;True;False
2022_07008039_04;7;43066.3997649955;Escolares;0;False;False;False;False;False;False;True;False;True;False
2022_07020005_06;6;158070.302901097;Escolares;1;False;False;False;False;False;False;True;True;False;True
2022_07020017_04;6;122720.657472478;Escolares;0;False;False;False;False;False;False;True;False;False;True
2022_07039008_06;8;72056.1723529372;Escolares;1;False;False;False;False;False;False;True;False;True;False
2022_07039023_03;5;45742.0755218674;Escolares;1;False;False;False;False;False;False;True;True;True;False
2022_07039028_03;10;37123.7572441074;Escolares;1;False;False;False;False;False;False;True;False;True;False
2022_07052011_03;10;36029.7469635757;Escolares;1;False;False;False;False;False;False;True;False;True;False
2022_07052019_03;10;46070.8889443456;Escolares;1;False;False;False;False;False;False;True;True;True;False
2022_07058006_03;6;49958.5810333637;Escolares;1;False;False;False;False;False;False;True;False;False;True
2022_07058024_02;10;74200.4064617221;Escolares;1;False;False;False;False;False;False;True;True;False;True
2022_07101013_06;9;65431.083133253;Escolares;1;False;False;False;False;False;False;True;True;False;False
2022_07101019_05;8;76993.8573326792;Escolares;1;False;False;False;False;False;False;True;False;False;False
2022_08011022_03;6;22696.0085241908;Escolares;1;False;False;True;False;False;False;False;False;False;True
2022_08019004_05;7;58920.5158496685;Escolares;1;False;False;True;False;False;False;False;True;False;False
2022_08019076_04;5;32067.0602876027;Escolares;1;False;False;True;False;False;False;False;False;False;False
2022_08019108_03;11;34932.040048374;Escolares;1;False;False;True;False;False;False;False;False;False;False
2022_08021005_03;9;29429.8328802141;Escolares;1;False;False;True;False;False;False;False;True;False;False
2022_08032004_07;8;28591.2600466388;Escolares;1;False;False;True;False;False;False;False;False;False;False
2022_08037008_03;8;34560.0950046569;Escolares;1;False;False;True;False;False;False;False;False;False;False
2022_08037044_05;11;40764.1719521025;Escolares;0;False;False;True;False;False;False;False;False;False;False
2022_08037061_05;7;37625.3507374538;Escolares;1;False;False;True;False;False;False;False;False;False;False
2022_08050013_05;7;29180.5823882454;Escolares;1;False;False;True;False;False;False;False;False;False;True
2022_09005056_07;9;39455.8329984876;Escolares;1;False;False;False;False;False;False;False;False;False;False
2022_09007048_06;9;98880.9308421673;Escolares;1;False;False;False;False;False;False;False;False;False;False
2022_09012057_03;9;157701.249675464;Escolares;1;False;False;False;False;False;False;False;False;True;False
2022_09016024_04;10;186198.687535016;Escolares;1;False;False;False;False;False;False;False;False;False;False
2022_09017032_02;11;34595.8191265184;Escolares;1;False;False;False;False;False;False;False;False;False;False
2022_10005033_04;11;18546.4590262348;Escolares;1;False;True;False;False;False;False;False;False;False;False
2022_10005038_03;9;27021.8730818882;Escolares;1;False;True;False;False;False;False;False;False;False;False
2022_10005041_12;7;27021.8730818882;Escolares;1;False;True;False;False;False;False;False;False;False;False
2022_10007002_04;5;38226.8941546232;Escolares;0;False;True;False;False;False;False;False;False;False;False
2022_10008009_06;7;20964.5198788508;Escolares;1;False;True;False;False;False;False;False;False;False;True
2022_10012060_04;9;22554.9317317292;Escolares;1;False;True;False;False;False;False;False;False;False;True
2022_10028025_03;10;38906.2191554209;Escolares;0;False;True;False;False;False;False;False;True;True;False
2022_11014034_03;8;76475.9271178339;Escolares;1;False;True;False;False;False;False;False;True;False;True
2022_11015019_04;5;74506.4949669406;Escolares;1;False;True;False;False;False;False;False;True;False;True
2022_11016007_03;8;33283.0381957097;Escolares;1;False;True;False;False;False;False;False;False;True;False
2022_11017051_04;9;20808.5243361776;Escolares;1;False;True;False;False;False;False;False;False;False;False
2022_11017054_03;9;63815.2065149439;Escolares;1;False;True;False;False;False;False;False;True;False;False
2022_11017062_07;10;51045.0682427871;Escolares;1;False;True;False;False;False;False;False;True;False;False
2022_11018015_03;8;24013.0674960837;Escolares;1;False;True;False;False;False;False;False;True;False;True
2022_11020020_03;10;18604.9389610232;Escolares;1;False;True;False;False;False;False;False;False;False;False
2022_11020020_04;7;21694.2319991938;Escolares;1;False;True;False;False;False;False;False;False;False;False
2022_11020054_05;6;67983.6247236474;Escolares;1;False;True;False;False;False;False;False;False;False;False
2022_11020095_03;11;20522.3102546868;Escolares;1;False;True;False;False;False;False;False;True;False;False
2022_11020148_06;5;104688.261044609;Escolares;1;False;True;False;False;False;False;False;True;False;False
2022_11020203_08;11;117703.893490485;Escolares;1;False;True;False;False;False;False;False;False;False;False
2022_11020204_06;8;45749.4213040325;Escolares;1;False;True;False;False;False;False;False;False;False;False
2022_11020250_03;5;18501.2838297379;Escolares;1;False;True;False;False;False;False;False;False;False;False
2022_11020342_03;7;17228.8441557324;Escolares;1;False;True;False;False;False;False;False;False;True;False
2022_11020343_05;5;18513.3295837082;Escolares;1;False;True;False;False;False;False;False;True;True;False
2022_11023030_05;7;30431.6172108133;Escolares;1;False;True;False;False;False;False;False;False;False;True
2022_11023041_04;7;24566.7905414744;Escolares;1;False;True;False;False;False;False;False;False;True;False
2022_11027086_03;10;15070.6253629558;Escolares;1;False;True;False;False;False;False;False;True;True;False
2022_11030003_03;11;68973.6770305931;Escolares;1;False;True;False;False;False;False;False;True;False;True
2022_11030018_05;6;47352.7480187618;Escolares;1;False;True;False;False;False;False;False;True;False;True
2022_11030052_02;5;29115.2035106148;Escolares;0;False;True;False;False;False;False;False;True;True;False
2022_11032012_04;6;24361.9524931545;Escolares;1;False;True;False;False;False;False;False;True;True;False
2022_11032030_04;6;40928.0843247047;Escolares;1;False;True;False;False;False;False;False;False;True;False
2022_11037040_03;10;10039.865202173;Escolares;1;False;True;False;False;False;False;False;False;True;False
2022_11042010_06;11;17180.794996097;Escolares;1;False;True;False;False;False;False;False;True;True;False
2022_11042013_08;5;40948.1266792743;Escolares;1;False;True;False;False;False;False;False;False;True;False
2022_12001125_04;6;45037.5766145273;Escolares;1;False;False;False;False;True;False;False;False;True;False
2022_12051012_05;8;26868.3860277193;Escolares;1;False;False;False;False;True;False;False;False;True;False
2022_12051021_03;9;34933.678832861;Escolares;1;False;False;False;False;True;False;False;True;True;False
2022_12051034_05;11;72386.2819077217;Escolares;1;False;False;False;False;True;False;False;True;True;False
2022_13027003_05;11;85555.2692303998;Escolares;1;True;False;False;False;False;False;False;True;True;False
2022_13027011_05;11;85555.2692303998;Escolares;1;True;False;False;False;False;False;False;True;True;False
2022_13046014_03;9;19861.8425619818;Escolares;1;True;False;False;False;False;False;False;False;False;True
2022_13051016_04;11;61907.3480683398;Escolares;1;True;False;False;False;False;False;False;True;False;True
2022_13051028_04;11;69028.7200436074;Escolares;1;True;False;False;False;False;False;False;False;False;True
2022_13057013_05;7;84485.3373271668;Escolares;1;True;False;False;False;False;False;False;True;True;False
2022_13057016_03;9;84485.3373271668;Escolares;1;True;False;False;False;False;False;False;True;True;False
2022_13057032_04;5;218935.768500956;Escolares;1;True;False;False;False;False;False;False;True;True;False
2022_13076005_08;5;53466.9505933918;Escolares;1;True;False;False;False;False;False;False;False;False;True
2022_13076011_03;7;37995.9558562133;Escolares;1;True;False;False;False;False;False;False;True;False;True
2022_13076022_05;7;52749.6089722011;Escolares;1;True;False;False;False;False;False;False;False;False;True
2022_13076062_03;10;132520.586987335;Escolares;1;True;False;False;False;False;False;False;False;True;False
2022_13077015_03;5;79927.3299702124;Escolares;1;True;False;False;False;False;False;False;True;False;False
2022_14097001_04;10;232906.766917886;Escolares;1;False;False;False;False;False;True;False;False;False;True
2022_14097017_04;10;496852.783802349;Escolares;0;False;False;False;False;False;True;False;True;False;True
2022_15025003_04;9;148515.693616016;Escolares;1;False;False;False;False;False;False;False;False;False;False
2022_15033020_03;9;79723.8264592904;Escolares;1;False;False;False;False;False;False;False;False;False;False
2022_15106019_06;7;62945.4799733689;Escolares;1;False;False;False;False;False;False;False;False;False;True
2022_15115002_03;10;94919.749803267;Escolares;0;False;False;False;False;False;False;False;True;False;True
2022_15115025_08;9;217708.210416534;Escolares;1;False;False;False;False;False;False;False;True;False;True
2022_15115038_05;6;122510.893986607;Escolares;1;False;False;False;False;False;False;False;False;False;True
2022_15118016_06;6;177997.562099729;Escolares;1;False;False;False;False;False;False;False;False;True;False
2022_15122001_03;5;79529.7020580695;Escolares;1;False;False;False;False;False;False;False;False;False;False
2022_15122003_04;9;129504.217824884;Escolares;1;False;False;False;False;False;False;False;True;False;False
2022_16006023_04;10;92498.6006486672;Escolares;1;False;False;False;False;False;True;False;True;False;False
2022_16053005_05;11;85432.6613177217;Escolares;1;False;False;False;False;False;True;False;True;False;False
2022_16069027_02;7;205960.662051557;Escolares;1;False;False;False;False;False;True;False;False;False;True
2022_16102004_02;5;47300.6481130766;Escolares;1;False;False;False;False;False;True;False;False;False;False
2022_16107017_04;6;87635.2106286309;Escolares;1;False;False;False;False;False;True;False;False;True;False
2022_17018007_03;7;23932.5395321772;Escolares;1;False;False;False;False;True;False;False;False;False;False
2022_17028001_05;6;186434.854472557;Escolares;1;False;False;False;False;True;False;False;False;False;True
2022_17029027_02;5;23475.5379027217;Escolares;1;False;False;False;False;True;False;False;False;False;True
2022_18017062_04;8;47151.3975578163;Escolares;1;False;False;False;True;False;False;False;False;False;False
2022_19006025_05;9;16924.9213678825;Escolares;1;False;False;True;False;False;False;False;False;False;False
2022_19006141_03;11;30874.5810201937;Escolares;1;False;False;True;False;False;False;False;True;False;True
2022_19009003_02;7;19005.8812327558;Escolares;1;False;False;True;False;False;False;False;False;False;True
2022_19009005_04;8;19757.4457431635;Escolares;1;False;False;True;False;False;False;False;True;False;True
2022_19009012_05;8;18871.6343355753;Escolares;1;False;False;True;False;False;False;False;True;False;True
2022_19012015_04;5;18581.3014996434;Escolares;1;False;False;True;False;False;False;False;True;False;True
2022_19018006_05;6;24152.2779286781;Escolares;1;False;False;True;False;False;False;False;True;False;False
2022_19018007_05;8;24152.2779286781;Escolares;1;False;False;True;False;False;False;False;True;False;False
2022_19018029_04;6;20839.725921099;Escolares;1;False;False;True;False;False;False;False;True;False;False
2022_19021021_06;7;15553.0014806331;Escolares;1;False;False;True;False;False;False;False;False;False;False
2022_19021110_05;7;42251.3352440666;Escolares;1;False;False;True;False;False;False;False;True;False;True
2022_19021120_03;11;28281.7951158292;Escolares;1;False;False;True;False;False;False;False;True;False;True
2022_19021146_05;10;14830.9826662137;Escolares;1;False;False;True;False;False;False;False;False;False;True
2022_19026012_04;8;46917.46522265;Escolares;1;False;False;True;False;False;False;False;True;False;False
2022_19031033_07;7;64375.3193380333;Escolares;1;False;False;True;False;False;False;False;True;False;False
2022_19031089_04;6;17843.7783695895;Escolares;1;False;False;True;False;False;False;False;False;False;False
2022_19032001_04;11;15896.2626006736;Escolares;1;False;False;True;False;False;False;False;False;False;True
2022_19032024_03;11;18108.4184080632;Escolares;1;False;False;True;False;False;False;False;True;False;True
2022_19032025_05;9;15635.5414723804;Escolares;1;False;False;True;False;False;False;False;False;False;True
2022_19039027_06;10;23032.1519983933;Escolares;1;False;False;True;False;False;False;False;False;False;False
2022_19039070_06;7;16339.6615693156;Escolares;1;False;False;True;False;False;False;False;False;False;False
2022_19044014_05;8;11674.7710114416;Escolares;1;False;False;True;False;False;False;False;False;False;True
2022_19046053_07;6;34653.9025032673;Escolares;0;False;False;True;False;False;False;False;False;False;False
2022_19048015_04;10;74996.7913890472;Escolares;1;False;False;True;False;False;False;False;True;False;False
2022_20002013_05;7;57981.0316573755;Escolares;1;False;False;False;False;True;False;False;False;True;False
2022_20016009_03;6;20653.5801338502;Escolares;1;False;False;False;False;True;False;False;False;True;False
2022_20016025_09;5;45059.6574512921;Escolares;1;False;False;False;False;True;False;False;True;True;False
2022_20039010_03;7;22047.2454991433;Escolares;1;False;False;False;False;True;False;False;False;False;True
2022_20272014_05;10;24606.2623785073;Escolares;1;False;False;False;False;True;False;False;False;False;True
2022_20499011_02;10;209525.332287135;Escolares;1;False;False;False;False;True;False;False;False;True;False
2022_20515012_03;9;26543.3402737836;Escolares;1;False;False;False;False;True;False;False;False;False;True
2022_21010001_05;11;425575.803048403;Escolares;0;False;False;False;False;True;False;False;False;False;True
2022_21010007_06;7;182442.347417131;Escolares;1;False;False;False;False;True;False;False;True;False;True
2022_21085022_03;11;189946.436403696;Escolares;1;False;False;False;False;True;False;False;False;False;True
2022_21212023_04;6;118791.908213569;Escolares;1;False;False;False;False;True;False;False;True;True;False
2022_22004006_04;10;46728.4413589231;Escolares;1;False;True;False;False;False;False;False;False;True;False
2022_22004021_03;9;36895.6668161268;Escolares;1;False;True;False;False;False;False;False;False;True;False
2022_22004028_04;8;36895.6668161268;Escolares;1;False;True;False;False;False;False;False;False;True;False
2022_22012004_04;5;24690.5091881266;Escolares;1;False;True;False;False;False;False;False;False;False;True
2022_22012010_04;10;47069.664942758;Escolares;1;False;True;False;False;False;False;False;False;False;True
2022_22012017_05;6;35520.2238932483;Escolares;1;False;True;False;False;False;False;False;False;False;True
2022_23002056_05;9;19819.7467677424;Escolares;1;False;False;False;False;False;False;True;False;True;False
2022_23005083_03;9;55697.4963492229;Escolares;0;False;False;False;False;False;False;True;False;False;False
2022_23006016_03;6;15075.5611392098;Escolares;1;False;False;False;False;False;False;True;True;True;False
2022_23008022_04;6;38659.871838079;Escolares;1;False;False;False;False;False;False;True;False;False;False
2022_23008034_03;7;48789.0741996897;Escolares;1;False;False;False;False;False;False;True;True;False;False
2022_23008043_03;10;20416.3202102503;Escolares;1;False;False;False;False;False;False;True;False;False;False
2022_23008066_05;6;13861.2564359728;Escolares;1;False;False;False;False;False;False;True;False;False;True
2022_24028002_05;8;39585.6411950821;Escolares;1;False;True;False;False;False;False;False;True;False;False
2022_24028072_02;11;31720.3439100642;Escolares;1;False;True;False;False;False;False;False;True;False;False
2022_24028115_05;9;123263.456088033;Escolares;1;False;True;False;False;False;False;False;True;False;False
2022_24028122_04;6;37464.6030368372;Escolares;1;False;True;False;False;False;False;False;False;False;True
2022_24035009_04;7;64801.2834118184;Escolares;1;False;True;False;False;False;False;False;True;False;False
2022_24037012_05;8;24062.7707968479;Escolares;1;False;True;False;False;False;False;False;False;True;False
2022_24037029_03;5;17274.7980270512;Escolares;1;False;True;False;False;False;False;False;True;True;False
2022_24052004_02;10;80079.0241774983;Escolares;1;False;True;False;False;False;False;False;True;False;True
2022_25006079_04;6;32045.1803682837;Escolares;0;False;False;False;True;False;False;False;False;False;False
2022_25006111_05;10;20429.939336767;Escolares;1;False;False;False;True;False;False;False;True;False;True
2022_26019015_04;7;55999.3643168069;Escolares;1;False;False;False;True;False;False;False;True;False;True
2022_26019035_04;6;35136.0862702323;Escolares;0;False;False;False;True;False;False;False;False;False;True
2022_26030003_04;6;43018.3013956187;Escolares;1;False;False;False;True;False;False;False;True;False;False
2022_26030094_04;8;116392.509063991;Escolares;1;False;False;False;True;False;False;False;True;False;False
2022_26043017_03;8;143180.029811742;Escolares;1;False;False;False;True;False;False;False;True;False;False
2022_26047032_03;10;67483.9116890692;Escolares;1;False;False;False;True;False;False;False;True;True;False
2022_27002029_03;7;18557.387157066;Escolares;1;False;False;False;False;False;False;True;False;False;True
2022_27008005_03;5;24960.6153054144;Escolares;1;False;False;False;False;False;False;True;True;False;True
2022_27008016_03;8;31005.7677833461;Escolares;1;False;False;False;False;False;False;True;False;False;True
2022_27010007_04;11;36396.2462399514;Escolares;1;False;False;False;False;False;False;True;False;True;False
2022_27010023_05;7;102337.641076977;Escolares;1;False;False;False;False;False;False;True;False;True;False
2022_27010028_02;7;34112.5470256589;Escolares;1;False;False;False;False;False;False;True;False;True;False
2022_28018008_04;9;158455.484399802;Escolares;1;False;False;True;False;False;False;False;False;False;True
2022_28027005_05;6;164146.333784815;Escolares;1;False;False;True;False;False;False;False;True;False;False
2022_28032026_03;6;97558.8109160781;Escolares;1;False;False;True;False;False;False;False;False;False;False
2022_28038010_05;6;40284.7710692685;Escolares;1;False;False;True;False;False;False;False;True;False;False
2022_28038028_04;10;48789.1023318066;Escolares;1;False;False;True;False;False;False;False;True;False;False
2022_28041028_06;6;90227.3033472615;Escolares;1;False;False;True;False;False;False;False;True;False;False
2022_29007021_03;5;18913.9921745866;Escolares;1;True;False;False;False;False;False;False;False;False;True
2022_29043023_06;5;54503.3473282688;Escolares;1;True;False;False;False;False;False;False;True;False;True
2022_29058027_04;6;69972.5062425962;Escolares;1;True;False;False;False;False;False;False;True;False;True
2022_30033002_03;10;82571.5637532703;Escolares;1;True;False;False;False;False;False;False;True;True;False
2022_30033015_04;7;65262.7425179842;Escolares;1;True;False;False;False;False;False;False;False;True;False
2022_30033029_03;7;153425.830032526;Escolares;1;True;False;False;False;False;False;False;True;True;False
2022_30039003_05;6;353976.969725979;Escolares;1;True;False;False;False;False;False;False;False;False;True
2022_30039012_03;9;635222.101962587;Escolares;1;True;False;False;False;False;False;False;False;False;True
2022_30124010_02;10;205939.875340925;Escolares;1;True;False;False;False;False;False;False;True;True;False
2022_30159029_04;5;290685.681347583;Escolares;1;True;False;False;False;False;False;False;True;True;False
2022_30167019_06;7;172171.945455704;Escolares;1;True;False;False;False;False;False;False;True;False;True
2022_31041011_03;11;20414.7896022107;Escolares;1;False;False;False;False;False;False;True;False;False;False
2022_31041014_07;5;24449.9865780411;Escolares;1;False;False;False;False;False;False;True;False;False;False
2022_31050056_04;9;56390.8391529544;Escolares;1;False;False;False;False;False;False;True;True;False;False
2022_31050107_03;9;35916.6055935493;Escolares;1;False;False;False;False;False;False;True;False;False;False
2022_31050110_06;6;71833.2111870985;Escolares;1;False;False;False;False;False;False;True;False;False;False
2022_31050119_03;5;32138.4788551299;Escolares;1;False;False;False;False;False;False;True;True;False;False
2022_31052009_04;9;20880.3412782087;Escolares;1;False;False;False;False;False;False;True;False;True;False
2022_31098004_04;9;21198.5650193248;Escolares;0;False;False;False;False;False;False;True;True;False;True
2022_31098022_09;6;25682.8768503358;Escolares;1;False;False;False;False;False;False;True;True;False;True
2022_31098026_04;11;19406.6107757998;Escolares;1;False;False;False;False;False;False;True;False;False;True
2022_31101015_07;9;37331.5188702063;Escolares;0;False;False;False;False;False;False;True;False;True;False
2022_32017042_04;6;53508.2097966216;Escolares;0;False;True;False;False;False;False;False;True;False;False
2022_32040014_06;6;18860.930986084;Escolares;0;False;True;False;False;False;False;False;False;True;False
2022_32040023_06;8;107186.764258335;Escolares;1;False;True;False;False;False;False;False;True;True;False
2022_32052015_07;8;9321.86047406908;Escolares;1;False;True;False;False;False;False;False;False;True;False
2022_32052029_03;10;8363.37456591063;Escolares;1;False;True;False;False;False;False;False;True;True;False
2022_32053001_05;7;62074.0497982899;Escolares;0;False;True;False;False;False;False;False;True;False;True
2022_32053003_03;8;19032.4877265304;Escolares;1;False;True;False;False;False;False;False;False;False;True
2022_32053008_02;7;23924.8968522671;Escolares;1;False;True;False;False;False;False;False;False;False;True
2022_01001007_04;1;5378.10884705221;Preescolares;1;False;True;False;False;False;False;False;False;False;False
2022_01001016_13;4;4692.48567194994;Preescolares;1;False;True;False;False;False;False;False;False;False;False
2022_01001028_06;2;6860.70380294512;Preescolares;1;False;True;False;False;False;False;False;False;False;False
2022_01001053_06;1;7885.91124622613;Preescolares;1;False;True;False;False;False;False;False;False;False;False
2022_01001063_04;2;8596.76013151199;Preescolares;0;False;True;False;False;False;False;False;True;False;False
2022_01001089_05;3;24871.0170820047;Preescolares;1;False;True;False;False;False;False;False;True;False;False
2022_01002014_04;4;8030.31436449944;Preescolares;1;False;True;False;False;False;False;False;True;True;False
2022_01002027_07;4;7813.1696619687;Preescolares;1;False;True;False;False;False;False;False;True;True;False
2022_01005017_07;1;31760.3835840282;Preescolares;0;False;True;False;False;False;False;False;False;False;True
2022_01006006_05;1;23076.4778258838;Preescolares;1;False;True;False;False;False;False;False;True;False;True
2022_01009011_06;4;5298.81320532131;Preescolares;1;False;True;False;False;False;False;False;True;True;False
2022_01009029_10;1;4954.33214288786;Preescolares;1;False;True;False;False;False;False;False;False;True;False
2022_02001027_05;3;23943.8858580942;Preescolares;1;False;False;False;True;False;False;False;True;False;False
2022_02002148_03;2;13002.8344198564;Preescolares;1;False;False;False;True;False;False;False;True;True;False
2022_02002148_04;1;18270.8622230801;Preescolares;1;False;False;False;True;False;False;False;False;True;False
2022_03001002_04;4;7320.31585315493;Preescolares;1;False;False;False;True;False;False;False;False;True;False
2022_03003089_04;2;6856.84386170235;Preescolares;1;False;False;False;True;False;False;False;True;False;False
2022_03003123_04;4;5185.1707366923;Preescolares;1;False;False;False;True;False;False;False;False;False;False
2022_03003134_04;4;8691.57330066729;Preescolares;0;False;False;False;True;False;False;False;True;False;True
2022_03008024_03;2;8752.34562316839;Preescolares;1;False;False;False;True;False;False;False;True;False;False
2022_03008120_05;3;5477.10072550419;Preescolares;0;False;False;False;True;False;False;False;False;False;False
2022_04002039_04;3;9285.64822657876;Preescolares;1;False;False;False;False;False;False;True;True;False;False
2022_04002050_05;3;13486.4285519933;Preescolares;1;False;False;False;False;False;False;True;False;False;False
2022_04002062_05;3;13295.9911783452;Preescolares;1;False;False;False;False;False;False;True;False;False;False
2022_04002073_03;2;9630.47335966127;Preescolares;1;False;False;False;False;False;False;True;True;False;False
2022_04002076_05;2;9630.47335966127;Preescolares;1;False;False;False;False;False;False;True;True;False;False
2022_04002079_07;1;9630.47335966127;Preescolares;1;False;False;False;False;False;False;True;True;False;False
2022_04002131_04;4;6581.39514038664;Preescolares;1;False;False;False;False;False;False;True;False;True;False
2022_04002136_03;2;6581.39514038664;Preescolares;1;False;False;False;False;False;False;True;False;True;False
2022_04008002_06;2;4072.47790147845;Preescolares;1;False;False;False;False;False;False;True;True;False;True
2022_04008013_05;3;4072.47790147845;Preescolares;1;False;False;False;False;False;False;True;False;False;True
2022_04008017_04;4;4072.47790147845;Preescolares;1;False;False;False;False;False;False;True;False;False;True
2022_05024022_03;4;11428.8703964143;Preescolares;1;False;False;True;False;False;False;False;False;False;True
2022_05024022_04;1;13267.2753995683;Preescolares;1;False;False;True;False;False;False;False;True;False;True
2022_05027032_08;1;10861.672550689;Preescolares;1;False;False;True;False;False;False;False;True;False;False
2022_05030008_04;2;26565.3946025165;Preescolares;1;False;False;True;False;False;False;False;False;False;False
2022_05030066_05;2;15302.7789023081;Preescolares;1;False;False;True;False;False;False;False;False;False;False
2022_05030066_06;1;10653.191882008;Preescolares;1;False;False;True;False;False;False;False;True;False;False
2022_05030080_03;4;30989.2985114958;Preescolares;1;False;False;True;False;False;False;False;False;False;False
2022_05030080_04;3;30989.2985114958;Preescolares;1;False;False;True;False;False;False;False;False;False;False
2022_05038026_05;4;12376.370130925;Preescolares;1;False;False;True;False;False;False;False;True;False;True
2022_05038026_06;1;12376.370130925;Preescolares;1;False;False;True;False;False;False;False;True;False;True
2022_05038030_05;4;12376.370130925;Preescolares;1;False;False;True;False;False;False;False;True;False;True
2022_06003036_03;4;2709.4693813651;Preescolares;1;False;False;False;False;False;True;False;True;True;False
2022_06007029_04;4;5619.06832252403;Preescolares;1;False;False;False;False;False;True;False;False;False;False
2022_06007029_05;1;5619.06832252403;Preescolares;1;False;False;False;False;False;True;False;False;False;False
2022_06009001_03;4;8801.05634611913;Preescolares;1;False;False;False;False;False;True;False;False;False;True
2022_06009022_03;4;10253.6578789737;Preescolares;1;False;False;False;False;False;True;False;False;False;True
2022_06009022_04;2;10253.6578789737;Preescolares;1;False;False;False;False;False;True;False;False;False;True
2022_06009028_05;4;9555.43260435791;Preescolares;0;False;False;False;False;False;True;False;False;False;True
2022_06009033_06;1;4600.76384654271;Preescolares;1;False;False;False;False;False;True;False;False;False;True
2022_06009046_04;1;3867.7377181063;Preescolares;1;False;False;False;False;False;True;False;True;False;True
2022_06010025_05;1;3847.59111657744;Preescolares;1;False;False;False;False;False;True;False;True;False;False
2022_07008014_04;3;20030.9834368835;Preescolares;1;False;False;False;False;False;False;True;True;True;False
2022_07008017_06;2;20030.9834368835;Preescolares;1;False;False;False;False;False;False;True;True;True;False
2022_07008039_05;1;30997.3569054476;Preescolares;0;False;False;False;False;False;False;True;True;True;False
2022_07020017_05;4;46801.5929972072;Preescolares;1;False;False;False;False;False;False;True;True;False;True
2022_07022012_03;1;60502.8369626348;Preescolares;1;False;False;False;False;False;False;True;True;True;False
2022_07022013_05;3;60502.8369626348;Preescolares;1;False;False;False;False;False;False;True;True;True;False
2022_07039026_04;2;15606.5494755351;Preescolares;1;False;False;False;False;False;False;True;True;True;False
2022_07039039_05;2;23848.5702835289;Preescolares;0;False;False;False;False;False;False;True;False;True;False
2022_07052011_06;2;23145.7701629859;Preescolares;1;False;False;False;False;False;False;True;False;True;False
2022_07052016_07;1;17267.9090592795;Preescolares;1;False;False;False;False;False;False;True;True;True;False
2022_07052018_06;2;17267.9090592795;Preescolares;1;False;False;False;False;False;False;True;True;True;False
2022_07052024_08;4;26387.3153700871;Preescolares;1;False;False;False;False;False;False;True;False;True;False
2022_07057007_06;1;22146.302349154;Preescolares;1;False;False;False;False;False;False;True;False;True;False
2022_07057041_10;4;13002.7731543868;Preescolares;1;False;False;False;False;False;False;True;True;True;False
2022_07057041_11;4;13002.7731543868;Preescolares;1;False;False;False;False;False;False;True;True;True;False
2022_07058016_08;3;15193.6157597821;Preescolares;1;False;False;False;False;False;False;True;False;False;True
2022_07058025_04;4;37011.1691525032;Preescolares;1;False;False;False;False;False;False;True;True;False;True
2022_07087001_03;4;38667.0848838162;Preescolares;1;False;False;False;False;False;False;True;True;False;True
2022_07087004_04;1;38667.0848838162;Preescolares;1;False;False;False;False;False;False;True;True;False;True
2022_07087014_05;4;24572.0905904112;Preescolares;1;False;False;False;False;False;False;True;False;False;True
2022_07089004_05;2;30927.6546495569;Preescolares;1;False;False;False;False;False;False;True;True;False;False
2022_07089010_06;3;30503.0697952639;Preescolares;1;False;False;False;False;False;False;True;True;False;False
2022_07089030_09;4;29454.2589158416;Preescolares;1;False;False;False;False;False;False;True;False;False;False
2022_08002005_06;4;18681.7915490595;Preescolares;1;False;False;True;False;False;False;False;False;True;False
2022_08002008_04;4;18681.7915490595;Preescolares;1;False;False;True;False;False;False;False;False;True;False
2022_08019036_04;4;13150.5406484714;Preescolares;1;False;False;True;False;False;False;False;True;False;False
2022_08019071_04;4;17732.7975078977;Preescolares;1;False;False;True;False;False;False;False;False;False;False
2022_08019108_05;1;12185.1053763455;Preescolares;1;False;False;True;False;False;False;False;True;False;False
2022_08032010_04;4;25283.743052667;Preescolares;1;False;False;True;False;False;False;False;False;False;False
2022_08032010_05;2;25283.743052667;Preescolares;1;False;False;True;False;False;False;False;False;False;False
2022_08037094_04;2;63268.290577622;Preescolares;1;False;False;True;False;False;False;False;False;False;False
2022_09002018_03;1;60725.8256413741;Preescolares;1;False;False;False;False;False;False;False;False;False;False
2022_09005029_05;3;26355.7108866698;Preescolares;1;False;False;False;False;False;False;False;True;False;False
2022_09005070_08;3;21838.0789490179;Preescolares;1;False;False;False;False;False;False;False;True;False;False
2022_09005070_09;1;21838.0789490179;Preescolares;1;False;False;False;False;False;False;False;True;False;False
2022_09005071_06;1;21838.0789490179;Preescolares;1;False;False;False;False;False;False;False;True;False;False
2022_09007036_05;3;23516.7970163759;Preescolares;1;False;False;False;False;False;False;False;True;False;False
2022_09007150_03;4;33276.3994511675;Preescolares;0;False;False;False;False;False;False;False;True;False;False
2022_09007164_05;2;28992.9931494357;Preescolares;1;False;False;False;False;False;False;False;True;False;False
2022_09010027_03;3;82407.9698201712;Preescolares;1;False;False;False;False;False;False;False;False;False;False
2022_09015012_06;2;45658.0776365625;Preescolares;1;False;False;False;False;False;False;False;True;False;False
2022_09015012_07;2;45658.0776365625;Preescolares;1;False;False;False;False;False;False;False;True;False;False
2022_10005080_05;2;16132.5885757948;Preescolares;1;False;True;False;False;False;False;False;True;False;False
2022_10007005_03;4;15024.3567515355;Preescolares;0;False;True;False;False;False;False;False;False;False;False
2022_10007005_04;2;15024.3567515355;Preescolares;1;False;True;False;False;False;False;False;False;False;False
2022_10007020_06;2;15306.867986822;Preescolares;1;False;True;False;False;False;False;False;True;False;False
2022_10007035_06;2;28001.9752685922;Preescolares;1;False;True;False;False;False;False;False;True;False;False
2022_10007037_03;3;26634.4257212634;Preescolares;1;False;True;False;False;False;False;False;False;False;False
2022_10007037_04;2;26634.4257212634;Preescolares;1;False;True;False;False;False;False;False;False;False;False
2022_10008001_06;4;7330.39578407443;Preescolares;1;False;True;False;False;False;False;False;False;False;True
2022_10012023_06;4;10510.4939551067;Preescolares;0;False;True;False;False;False;False;False;False;False;True
2022_10012023_07;2;10510.4939551067;Preescolares;1;False;True;False;False;False;False;False;False;False;True
2022_10012039_05;2;11784.3505892456;Preescolares;1;False;True;False;False;False;False;False;False;False;True
2022_10012058_04;2;12098.5999382921;Preescolares;1;False;True;False;False;False;False;False;False;False;True
2022_10028011_06;2;27303.7810636376;Preescolares;1;False;True;False;False;False;False;False;True;True;False
2022_10028030_06;2;16783.01933015;Preescolares;1;False;True;False;False;False;False;False;False;True;False
2022_11001008_04;3;11428.5521742676;Preescolares;1;False;True;False;False;False;False;False;True;True;False
2022_11001023_04;2;14166.1845260198;Preescolares;1;False;True;False;False;False;False;False;False;True;False
2022_11001029_05;4;14166.1845260198;Preescolares;1;False;True;False;False;False;False;False;False;True;False
2022_11001029_06;1;15910.3373406471;Preescolares;1;False;True;False;False;False;False;False;True;True;False
2022_11001044_05;1;27907.487859223;Preescolares;1;False;True;False;False;False;False;False;False;True;False
2022_11003029_05;3;8264.86755508049;Preescolares;1;False;True;False;False;False;False;False;False;False;True
2022_11003038_05;4;7017.92847023859;Preescolares;1;False;True;False;False;False;False;False;True;True;False
2022_11003052_04;3;6248.59596445014;Preescolares;1;False;True;False;False;False;False;False;False;True;False
2022_11005018_05;2;22475.6388287311;Preescolares;1;False;True;False;False;False;False;False;True;False;True
2022_11005021_03;4;24160.9643682112;Preescolares;1;False;True;False;False;False;False;False;False;False;True
2022_11009017_03;4;27907.487859223;Preescolares;1;False;True;False;False;False;False;False;True;False;True
2022_11014028_06;4;14815.1758941984;Preescolares;1;False;True;False;False;False;False;False;True;False;True
2022_11015003_06;1;10426.7194432815;Preescolares;1;False;True;False;False;False;False;False;False;False;True
2022_11016027_03;2;8338.59213555356;Preescolares;1;False;True;False;False;False;False;False;False;True;False
2022_11016028_06;1;9365.24676627234;Preescolares;1;False;True;False;False;False;False;False;True;True;False
2022_11017047_04;3;11873.4530350943;Preescolares;1;False;True;False;False;False;False;False;True;False;False
2022_11017054_05;1;14929.5199905176;Preescolares;1;False;True;False;False;False;False;False;True;False;False
2022_11020098_07;3;9179.57851470391;Preescolares;1;False;True;False;False;False;False;False;True;False;False
2022_11020182_10;4;14222.3353886914;Preescolares;1;False;True;False;False;False;False;False;False;False;False
2022_11020182_11;2;11296.5333633275;Preescolares;1;False;True;False;False;False;False;False;True;False;False
2022_11020220_07;4;9232.12855326505;Preescolares;1;False;True;False;False;False;False;False;False;False;False
2022_11020255_05;3;11271.9890214191;Preescolares;1;False;True;False;False;False;False;False;True;False;False
2022_11020325_06;4;6038.87913016711;Preescolares;1;False;True;False;False;False;False;False;True;True;False
2022_11020325_07;2;6038.87913016711;Preescolares;1;False;True;False;False;False;False;False;True;True;False
2022_11020348_06;4;8848.83998324342;Preescolares;1;False;True;False;False;False;False;False;False;True;False
2022_11023020_03;3;13166.3931745518;Preescolares;1;False;True;False;False;False;False;False;False;False;True
2022_11023026_05;2;27907.487859223;Preescolares;1;False;True;False;False;False;False;False;False;False;True
2022_11027072_08;2;9320.0100108145;Preescolares;1;False;True;False;False;False;False;False;False;False;True
2022_11027072_09;1;8669.90140339063;Preescolares;1;False;True;False;False;False;False;False;True;False;True
2022_11030055_02;2;6958.11565877698;Preescolares;1;False;True;False;False;False;False;False;False;True;False
2022_11030055_03;2;7814.80483916055;Preescolares;1;False;True;False;False;False;False;False;True;True;False
2022_11032023_05;4;14013.9433512919;Preescolares;1;False;True;False;False;False;False;False;False;True;False
2022_11033025_04;2;10797.1206138022;Preescolares;1;False;True;False;False;False;False;False;True;False;True
2022_11037006_04;2;7568.10402409916;Preescolares;1;False;True;False;False;False;False;False;False;False;True
2022_11037054_05;4;8125.76419595;Preescolares;1;False;True;False;False;False;False;False;True;True;False
2022_11037062_05;1;8125.76419595;Preescolares;1;False;True;False;False;False;False;False;True;True;False
2022_11042014_04;2;10515.6044515592;Preescolares;1;False;True;False;False;False;False;False;False;True;False
2022_11044007_04;3;20311.2337630614;Preescolares;1;False;True;False;False;False;False;False;True;False;True
2022_12001103_05;4;26264.3063111332;Preescolares;1;False;False;False;False;True;False;False;True;True;False
2022_12001103_06;1;21836.4679537402;Preescolares;1;False;False;False;False;True;False;False;False;True;False
2022_12007016_03;4;14776.1750758176;Preescolares;1;False;False;False;False;True;False;False;False;False;True
2022_12007016_04;1;18098.7282628869;Preescolares;1;False;False;False;False;True;False;False;True;False;True
2022_12007033_05;2;14772.9628638446;Preescolares;1;False;False;False;False;True;False;False;False;False;True
2022_12032020_06;4;17769.2789484204;Preescolares;1;False;False;False;False;True;False;False;True;False;True
2022_12035001_04;2;43058.0711889761;Preescolares;0;False;False;False;False;True;False;False;False;False;False
2022_12051018_05;3;11449.8167263727;Preescolares;1;False;False;False;False;True;False;False;False;True;False
2022_12051027_03;1;16446.7950280806;Preescolares;1;False;False;False;False;True;False;False;True;True;False
2022_12051028_04;2;16446.7950280806;Preescolares;1;False;False;False;False;True;False;False;True;True;False
2022_12064008_05;4;44276.8527227499;Preescolares;1;False;False;False;False;True;False;False;False;True;False
2022_13027019_03;2;32825.8582226132;Preescolares;1;True;False;False;False;False;False;False;False;True;False
2022_13027042_05;4;24667.1070965795;Preescolares;1;True;False;False;False;False;False;False;True;True;False
2022_13046033_04;4;12893.6665787645;Preescolares;1;True;False;False;False;False;False;False;True;False;True
2022_13046034_03;2;12963.363979425;Preescolares;1;True;False;False;False;False;False;False;False;False;True
2022_13057006_04;3;18576.5200216198;Preescolares;1;True;False;False;False;False;False;False;True;True;False
2022_13057026_03;1;24069.6481524193;Preescolares;1;True;False;False;False;False;False;False;True;True;False
2022_14093023_04;1;106707.829096714;Preescolares;1;False;False;False;False;False;True;False;False;False;True
2022_14097007_04;2;80913.3610918221;Preescolares;1;False;False;False;False;False;True;False;False;False;True
2022_14097012_05;1;75726.7507933984;Preescolares;1;False;False;False;False;False;True;False;False;False;True
2022_14097023_03;4;67302.2979333235;Preescolares;0;False;False;False;False;False;True;False;True;False;True
2022_15033031_04;3;106361.2653417;Preescolares;1;False;False;False;False;False;False;False;False;False;False
2022_15033057_06;3;153629.420955378;Preescolares;1;False;False;False;False;False;False;False;True;False;False
2022_15054025_05;4;99490.86569644;Preescolares;1;False;False;False;False;False;False;False;True;False;True
2022_15058014_05;4;70231.163103367;Preescolares;1;False;False;False;False;False;False;False;True;False;False
2022_15082009_07;1;51589.1431424659;Preescolares;1;False;False;False;False;False;False;False;True;True;False
2022_15082020_04;3;40414.5147857938;Preescolares;1;False;False;False;False;False;False;False;True;True;False
2022_15082025_04;1;48930.8977153618;Preescolares;1;False;False;False;False;False;False;False;False;True;False
2022_15082031_04;3;40414.5147857938;Preescolares;1;False;False;False;False;False;False;False;True;True;False
2022_15106009_05;2;69998.3270878331;Preescolares;1;False;False;False;False;False;False;False;True;False;True
2022_15106015_03;2;46939.1766932271;Preescolares;0;False;False;False;False;False;False;False;True;False;True
2022_15109027_04;4;202821.981102856;Preescolares;1;False;False;False;False;False;False;False;False;False;False
2022_15122009_06;2;107683.454594313;Preescolares;1;False;False;False;False;False;False;False;False;False;False
2022_15122021_09;2;143617.6018733;Preescolares;1;False;False;False;False;False;False;False;False;False;False
2022_16006001_03;1;17610.0234899371;Preescolares;1;False;False;False;False;False;True;False;True;False;False
2022_16006016_07;3;22827.8082276963;Preescolares;1;False;False;False;False;False;True;False;True;False;False
2022_16015004_04;2;64729.4671399782;Preescolares;1;False;False;False;False;False;True;False;False;False;True
2022_16019021_09;1;33860.7937298025;Preescolares;1;False;False;False;False;False;True;False;True;True;False
2022_16019021_10;1;45663.6313783522;Preescolares;1;False;False;False;False;False;True;False;False;True;False
2022_16043002_04;4;25998.9046864444;Preescolares;0;False;False;False;False;False;True;False;True;False;True
2022_16043002_05;1;25998.9046864444;Preescolares;1;False;False;False;False;False;True;False;True;False;True
2022_16052027_06;2;22619.481943696;Preescolares;1;False;False;False;False;False;True;False;True;True;False
2022_16053011_05;3;69008.8994073899;Preescolares;1;False;False;False;False;False;True;False;False;False;False
2022_16069024_05;2;70560.5363253792;Preescolares;1;False;False;False;False;False;True;False;True;False;True
2022_16082018_03;4;31612.0653474312;Preescolares;1;False;False;False;False;False;True;False;False;False;True
2022_16082018_04;2;31612.0653474312;Preescolares;1;False;False;False;False;False;True;False;False;False;True
2022_17007011_04;3;11447.8906286663;Preescolares;1;False;False;False;False;True;False;False;True;False;False
2022_17024025_06;2;13100.7700509752;Preescolares;1;False;False;False;False;True;False;False;False;True;False
2022_17024026_05;4;15757.2478415217;Preescolares;1;False;False;False;False;True;False;False;True;True;False
2022_17029018_06;2;11614.80188737;Preescolares;1;False;False;False;False;True;False;False;True;False;True
2022_17029027_04;4;17422.202831055;Preescolares;1;False;False;False;False;True;False;False;True;False;True
2022_17036025_04;1;9433.90502079744;Preescolares;1;False;False;False;False;True;False;False;True;False;True
2022_18017061_08;1;15142.8627372452;Preescolares;1;False;False;False;True;False;False;False;False;False;False
2022_18017078_05;3;22030.504134361;Preescolares;1;False;False;False;True;False;False;False;True;True;False
2022_18017086_03;3;32069.0568963767;Preescolares;1;False;False;False;True;False;False;False;False;True;False
2022_18017102_03;3;22822.6031006787;Preescolares;1;False;False;False;True;False;False;False;True;True;False
2022_19006004_06;2;6713.86151566249;Preescolares;1;False;False;True;False;False;False;False;True;False;False
2022_19006010_04;2;6671.5637651363;Preescolares;1;False;False;True;False;False;False;False;True;False;False
2022_19006077_06;3;11499.9353728457;Preescolares;1;False;False;True;False;False;False;False;True;False;False
2022_19018025_05;4;7804.59916640289;Preescolares;1;False;False;True;False;False;False;False;True;False;False
2022_19018045_03;4;9961.53342230604;Preescolares;1;False;False;True;False;False;False;False;True;False;False
2022_19018053_05;4;11697.0804468713;Preescolares;1;False;False;True;False;False;False;False;False;False;False
2022_19018071_05;4;8209.65671371371;Preescolares;1;False;False;True;False;False;False;False;True;False;False
2022_19018094_02;3;13009.325448648;Preescolares;1;False;False;True;False;False;False;False;False;False;False
2022_19018098_04;3;15410.4828491578;Preescolares;1;False;False;True;False;False;False;False;True;False;False
2022_19018113_06;4;33101.8965338418;Preescolares;1;False;False;True;False;False;False;False;False;False;True
2022_19021086_03;2;24668.4557322481;Preescolares;0;False;False;True;False;False;False;False;True;False;False
2022_19021115_03;2;8557.04963496928;Preescolares;1;False;False;True;False;False;False;False;False;False;True
2022_19021118_05;2;8787.4813176342;Preescolares;1;False;False;True;False;False;False;False;True;False;True
2022_19021122_06;4;10282.4302552447;Preescolares;1;False;False;True;False;False;False;False;False;False;True
2022_19021124_07;3;8787.4813176342;Preescolares;1;False;False;True;False;False;False;False;True;False;True
2022_19021124_08;1;8787.4813176342;Preescolares;1;False;False;True;False;False;False;False;True;False;True
2022_19021146_06;4;8829.8245347853;Preescolares;1;False;False;True;False;False;False;False;False;False;True
2022_19026070_04;4;9534.68272545772;Preescolares;0;False;False;True;False;False;False;False;True;False;False
2022_19026084_05;1;10197.3769858087;Preescolares;0;False;False;True;False;False;False;False;True;False;False
2022_19026096_04;4;16060.3788016423;Preescolares;1;False;False;True;False;False;False;False;False;False;False
2022_19026096_05;2;16060.3788016423;Preescolares;1;False;False;True;False;False;False;False;False;False;False
2022_19031033_08;4;18541.5194676738;Preescolares;1;False;False;True;False;False;False;False;True;False;False
2022_19031064_06;4;13696.25810852;Preescolares;1;False;False;True;False;False;False;False;True;False;False
2022_19031074_03;3;7886.08339503099;Preescolares;1;False;False;True;False;False;False;False;True;False;False
2022_19041030_03;4;6825.98995209085;Preescolares;1;False;False;True;False;False;False;False;True;False;True
2022_19041032_03;2;6825.98995209085;Preescolares;1;False;False;True;False;False;False;False;True;False;True
2022_19044015_05;3;4801.37200372294;Preescolares;1;False;False;True;False;False;False;False;True;False;True
2022_19046053_08;2;12565.4706308518;Preescolares;1;False;False;True;False;False;False;False;True;False;False
2022_19046053_09;1;14723.5977652926;Preescolares;1;False;False;True;False;False;False;False;False;False;False
2022_19048007_06;1;22337.2739132326;Preescolares;1;False;False;True;False;False;False;False;False;False;False
2022_19048060_04;3;9925.84919624574;Preescolares;1;False;False;True;False;False;False;False;True;False;False
2022_19049014_07;2;33101.8965338418;Preescolares;1;False;False;True;False;False;False;False;False;False;True
2022_20016009_04;4;26404.2328815807;Preescolares;1;False;False;False;False;True;False;False;False;True;False
2022_20039024_05;4;68729.185819084;Preescolares;1;False;False;False;False;True;False;False;False;False;True
2022_20076028_09;3;16368.5351398412;Preescolares;1;False;False;False;False;True;False;False;True;True;False
2022_20076030_05;2;16368.5351398412;Preescolares;1;False;False;False;False;True;False;False;True;True;False
2022_20272013_02;2;14253.2992940406;Preescolares;1;False;False;False;False;True;False;False;True;False;True
2022_20272015_04;4;32738.0468159995;Preescolares;1;False;False;False;False;True;False;False;True;False;True
2022_20272025_03;2;29324.4526161425;Preescolares;1;False;False;False;False;True;False;False;False;False;True
2022_20339023_06;4;31621.4211855121;Preescolares;1;False;False;False;False;True;False;False;False;True;False
2022_20515009_05;1;39397.90091114;Preescolares;1;False;False;False;False;True;False;False;True;False;True
2022_21147014_04;4;24256.4976609564;Preescolares;1;False;False;False;False;True;False;False;False;True;False
2022_21148020_05;3;70336.2615999188;Preescolares;1;False;False;False;False;True;False;False;False;False;True
2022_21148024_06;1;70336.2615999188;Preescolares;1;False;False;False;False;True;False;False;False;False;True
2022_22001006_04;3;20178.3878551429;Preescolares;1;False;True;False;False;False;False;False;False;False;True
2022_22001016_03;2;36871.1811064663;Preescolares;1;False;True;False;False;False;False;False;True;False;True
2022_22004019_06;2;16006.1467771808;Preescolares;1;False;True;False;False;False;False;False;False;True;False
2022_22004021_04;3;21987.2037987084;Preescolares;1;False;True;False;False;False;False;False;True;True;False
2022_22011002_05;4;11504.3610706354;Preescolares;1;False;True;False;False;False;False;False;False;False;True
2022_22011029_04;2;11469.363436775;Preescolares;1;False;True;False;False;False;False;False;True;False;True
2022_22014093_04;1;45860.9912662678;Preescolares;1;False;True;False;False;False;False;False;False;False;False
2022_22014114_03;4;22566.7741037548;Preescolares;1;False;True;False;False;False;False;False;False;False;False
2022_22016031_05;4;23527.3473958234;Preescolares;1;False;True;False;False;False;False;False;False;True;False
2022_22016049_03;4;10498.2885256013;Preescolares;0;False;True;False;False;False;False;False;False;False;True
2022_23002004_02;1;7087.04817192517;Preescolares;1;False;False;False;False;False;False;True;False;False;True
2022_23002039_07;1;6353.4340017231;Preescolares;1;False;False;False;False;False;False;True;True;True;False
2022_23004011_05;3;10667.7442520413;Preescolares;1;False;False;False;False;False;False;True;False;False;False
2022_23005084_04;2;22996.7161765383;Preescolares;0;False;False;False;False;False;False;True;False;False;False
2022_23005096_04;2;21838.4078514599;Preescolares;1;False;False;False;False;False;False;True;False;False;False
2022_23006017_03;2;5143.56832536062;Preescolares;1;False;False;False;False;False;False;True;True;True;False
2022_23008058_05;1;35832.7520646174;Preescolares;1;False;False;False;False;False;False;True;True;False;False
2022_24021028_03;1;22447.0618559723;Preescolares;1;False;True;False;False;False;False;False;False;True;False
2022_24021037_03;2;22447.0618559723;Preescolares;0;False;True;False;False;False;False;False;False;True;False
2022_24028023_05;1;16590.380585061;Preescolares;1;False;True;False;False;False;False;False;False;False;False
2022_24028080_05;4;14054.992134524;Preescolares;1;False;True;False;False;False;False;False;False;False;False
2022_24028080_06;2;14054.992134524;Preescolares;1;False;True;False;False;False;False;False;False;False;False
2022_24037017_03;3;25094.486953984;Preescolares;1;False;True;False;False;False;False;False;True;True;False
2022_24037019_04;1;25094.486953984;Preescolares;1;False;True;False;False;False;False;False;True;True;False
2022_24037026_07;2;10690.0201083087;Preescolares;1;False;True;False;False;False;False;False;False;True;False
2022_24037040_04;1;14684.5867406866;Preescolares;1;False;True;False;False;False;False;False;True;True;False
2022_24052009_03;4;45860.9912662678;Preescolares;1;False;True;False;False;False;False;False;True;False;True
2022_25001001_03;4;14363.3323243635;Preescolares;0;False;False;False;True;False;False;False;True;False;False
2022_25001009_03;4;18437.1426753219;Preescolares;1;False;False;False;True;False;False;False;False;False;False
2022_25001028_02;2;14780.3322950708;Preescolares;1;False;False;False;True;False;False;False;True;False;False
2022_25006062_03;3;55477.2924723821;Preescolares;1;False;False;False;True;False;False;False;False;False;False
2022_25006120_04;4;26184.1308689693;Preescolares;0;False;False;False;True;False;False;False;False;False;True
2022_25011022_05;3;10615.9460277525;Preescolares;1;False;False;False;True;False;False;False;True;False;True
2022_26019017_05;4;28823.5729241213;Preescolares;1;False;False;False;True;False;False;False;True;False;True
2022_26019020_04;3;33320.4837374711;Preescolares;1;False;False;False;True;False;False;False;True;False;True
2022_26019024_04;4;32972.2424145596;Preescolares;1;False;False;False;True;False;False;False;False;False;True
2022_26019032_04;1;35945.1495175116;Preescolares;1;False;False;False;True;False;False;False;False;False;True
2022_26030036_04;1;39073.0060061166;Preescolares;0;False;False;False;True;False;False;False;True;False;False
2022_26030070_02;3;10291.6483205894;Preescolares;0;False;False;False;True;False;False;False;False;False;False
2022_26030070_03;2;8518.25318125938;Preescolares;1;False;False;False;True;False;False;False;True;False;False
2022_26042027_04;4;58671.5403902513;Preescolares;1;False;False;False;True;False;False;False;True;False;False
2022_26047016_04;4;18314.0034426501;Preescolares;0;False;False;False;True;False;False;False;False;True;False
2022_26047021_07;4;13033.5367549674;Preescolares;1;False;False;False;True;False;False;False;True;True;False
2022_26047021_09;1;13033.5367549674;Preescolares;0;False;False;False;True;False;False;False;True;True;False
2022_26047021_10;1;13033.5367549674;Preescolares;1;False;False;False;True;False;False;False;True;True;False
2022_26047030_05;2;17808.6434666219;Preescolares;0;False;False;False;True;False;False;False;False;True;False
2022_26047032_05;3;12673.8869469569;Preescolares;1;False;False;False;True;False;False;False;True;True;False
2022_26055011_03;4;15194.1153282819;Preescolares;1;False;False;False;True;False;False;False;True;False;False
2022_26055011_04;1;15194.1153282819;Preescolares;1;False;False;False;True;False;False;False;True;False;False
2022_27002011_08;4;15133.6839468119;Preescolares;1;False;False;False;False;False;False;True;True;False;True
2022_27002018_05;4;21083.7789962646;Preescolares;1;False;False;False;False;False;False;True;True;False;True
2022_27002026_06;2;11165.3931697488;Preescolares;1;False;False;False;False;False;False;True;False;False;True
2022_27002037_04;1;11034.5954934453;Preescolares;1;False;False;False;False;False;False;True;True;True;False
2022_27004044_03;3;20089.8416316903;Preescolares;1;False;False;False;False;False;False;True;True;False;False
2022_27004044_04;1;20089.8416316903;Preescolares;1;False;False;False;False;False;False;True;True;False;False
2022_27010012_03;3;17535.9089626066;Preescolares;1;False;False;False;False;False;False;True;False;True;False
2022_27010020_03;3;11048.7400942544;Preescolares;1;False;False;False;False;False;False;True;True;True;False
2022_27017024_05;2;18619.9252332458;Preescolares;1;False;False;False;False;False;False;True;False;False;True
2022_27017024_06;1;18619.9252332458;Preescolares;1;False;False;False;False;False;False;True;False;False;True
2022_28017010_04;2;23480.1104434078;Preescolares;1;False;False;True;False;False;False;False;False;True;False
2022_28017028_05;4;21018.0098376192;Preescolares;1;False;False;True;False;False;False;False;False;True;False
2022_28017028_06;3;21018.0098376192;Preescolares;1;False;False;True;False;False;False;False;False;True;False
2022_28017028_07;2;22217.9636825013;Preescolares;1;False;False;True;False;False;False;False;True;True;False
2022_28018014_06;3;17458.5084459002;Preescolares;1;False;False;True;False;False;False;False;False;False;True
2022_28027003_04;4;63268.290577622;Preescolares;1;False;False;True;False;False;False;False;True;False;False
2022_28027003_05;2;63268.290577622;Preescolares;1;False;False;True;False;False;False;False;True;False;False
2022_28027038_06;2;20343.4295632821;Preescolares;1;False;False;True;False;False;False;False;True;False;False
2022_28027042_03;3;34341.003373548;Preescolares;1;False;False;True;False;False;False;False;False;False;False
2022_28032007_02;2;41667.5239043755;Preescolares;1;False;False;True;False;False;False;False;False;False;False
2022_28041007_05;1;11762.6088560575;Preescolares;1;False;False;True;False;False;False;False;True;False;False
2022_29007026_06;3;12962.6650803389;Preescolares;1;True;False;False;False;False;False;False;False;False;True
2022_29007036_04;3;15648.121836271;Preescolares;1;True;False;False;False;False;False;False;True;False;True
2022_29018004_03;4;8092.95348155179;Preescolares;1;True;False;False;False;False;False;False;False;False;True
2022_29031011_06;4;13095.2635847475;Preescolares;1;True;False;False;False;False;False;False;True;False;True
2022_29031030_04;2;17199.7604026224;Preescolares;1;True;False;False;False;False;False;False;False;False;True
2022_29043018_05;4;18060.7424785196;Preescolares;1;True;False;False;False;False;False;False;True;False;True
2022_29043032_03;4;16418.8567986542;Preescolares;1;True;False;False;False;False;False;False;True;False;True
2022_29058010_05;2;19790.5863198064;Preescolares;1;True;False;False;False;False;False;False;True;False;True
2022_30033001_05;1;47521.6045025526;Preescolares;1;True;False;False;False;False;False;False;False;True;False
2022_30033029_04;1;62984.8268261244;Preescolares;1;True;False;False;False;False;False;False;False;True;False
2022_30087007_04;1;61285.0432467934;Preescolares;1;True;False;False;False;False;False;False;False;False;False
2022_30087034_04;2;116000.980159055;Preescolares;1;True;False;False;False;False;False;False;True;False;False
2022_30167007_07;3;102121.400912878;Preescolares;1;True;False;False;False;False;False;False;True;False;True
2022_30201001_04;1;36198.0224034287;Preescolares;0;True;False;False;False;False;False;False;True;True;False
2022_30201004_09;3;36198.0224034287;Preescolares;1;True;False;False;False;False;False;False;True;True;False
2022_31041014_08;4;60502.8369626348;Preescolares;1;False;False;False;False;False;False;True;False;False;False
2022_31050048_05;3;50624.7199610332;Preescolares;1;False;False;False;False;False;False;True;False;False;False
2022_31052038_02;2;7321.82211850496;Preescolares;1;False;False;False;False;False;False;True;True;True;False
2022_31056028_03;4;15818.0381578651;Preescolares;1;False;False;False;False;False;False;True;True;False;True
2022_31079006_07;2;16610.5872854866;Preescolares;1;False;False;False;False;False;False;True;False;False;True
2022_31079028_04;4;10683.3050703664;Preescolares;1;False;False;False;False;False;False;True;False;False;True
2022_31098004_05;4;12085.1616524957;Preescolares;1;False;False;False;False;False;False;True;True;False;True
2022_31098004_06;1;12085.1616524957;Preescolares;1;False;False;False;False;False;False;True;True;False;True
2022_31098009_09;4;14621.5536042541;Preescolares;1;False;False;False;False;False;False;True;True;False;True
2022_31098009_10;2;11533.9417863103;Preescolares;1;False;False;False;False;False;False;True;False;False;True
2022_31098026_06;4;5774.89255646994;Preescolares;1;False;False;False;False;False;False;True;False;False;True
2022_31098026_07;4;7320.81907795412;Preescolares;1;False;False;False;False;False;False;True;True;False;True
2022_31101016_04;2;10386.9074168618;Preescolares;1;False;False;False;False;False;False;True;False;True;False
2022_32010010_04;1;23938.6756696255;Preescolares;0;False;True;False;False;False;False;False;True;False;False
2022_32036009_05;4;8604.03337928756;Preescolares;1;False;True;False;False;False;False;False;True;True;False
2022_32040013_06;3;7493.18586183574;Preescolares;1;False;True;False;False;False;False;False;True;True;False
2022_32040023_11;4;6942.09574517154;Preescolares;1;False;True;False;False;False;False;False;True;True;False
2022_32052003_03;2;6607.76451137414;Preescolares;1;False;True;False;False;False;False;False;True;True;False
2022_32052015_08;3;6607.76451137414;Preescolares;1;False;True;False;False;False;False;False;True;True;False
2022_32052026_03;2;6607.76451137414;Preescolares;0;False;True;False;False;False;False;False;True;True;False
2022_32053007_06;2;10209.139959835;Preescolares;1;False;True;False;False;False;False;False;False;False;True
2022_32053008_03;1;12022.6897894912;Preescolares;1;False;True;False;False;False;False;False;True;False;True
2022_32053010_03;4;12833.4574018368;Preescolares;1;False;True;False;False;False;False;False;False;False;True
2022_32053010_04;3;12022.6897894912;Preescolares;1;False;True;False;False;False;False;False;True;False;True
